{"stats":{"minecraft:mined":{"minecraft:crying_obsidian":1,"minecraft:tuff":1,"minecraft:spruce_planks":2,"minecraft:white_bed":1,"croptopia:grape_crop":2,"minecraft:obsidian":5,"minecraft:nether_bricks":10,"minecraft:granite":9,"minecraft:grass_block":12,"minecraft:spawner":1,"minecraft:tall_seagrass":4,"minecraft:magma_block":2,"minecraft:glowstone":15,"minecraft:furnace":3,"minecraft:iron_ore":5,"minecraft:fire":2,"minecraft:andesite":7,"minecraft:mossy_stone_brick_stairs":1,"croptopia:apple_crop":9,"minecraft:stone":142,"minecraft:stone_brick_slab":4,"minecraft:crafting_table":7,"minecraft:torch":1,"minecraft:short_grass":10,"minecraft:chest":3,"minecraft:tall_grass":7,"minecraft:copper_ore":1,"minecraft:cobblestone":52,"minecraft:oak_planks":3,"minecraft:deepslate_copper_ore":2,"croptopia:apricot_crop":1,"minecraft:smooth_stone_slab":3,"minecraft:oak_log":71,"minecraft:gravel":27,"minecraft:sand":12,"minecraft:dirt":30,"minecraft:stone_bricks":1,"minecraft:netherrack":100,"minecraft:oak_leaves":4,"minecraft:deepslate":54},"minecraft:used":{"minecraft:flint_and_steel":2,"minecraft:chest":6,"minecraft:shield":1,"minecraft:iron_sword":54,"minecraft:cooked_salmon":4,"minecraft:cooked_chicken":1,"minecraft:netherrack":12,"minecraft:torch":18,"minecraft:dirt":100,"minecraft:nether_bricks":8,"minecraft:obsidian":9,"minecraft:wooden_axe":70,"minecraft:lava_bucket":12,"minecraft:furnace":6,"minecraft:cooked_cod":1,"minecraft:egg":2,"minecraft:cooked_beef":17,"minecraft:cobbled_deepslate":197,"croptopia:grape":2,"minecraft:golden_boots":1,"minecraft:water_bucket":23,"emerald_tools:obsidian_pickaxe":118,"minecraft:stone_pickaxe":40,"minecraft:oak_planks":5,"minecraft:wooden_pickaxe":3,"emerald_tools:iron_hammer":370,"emerald_tools:iron_excavator":55,"minecraft:crafting_table":9,"minecraft:white_bed":2,"emerald_tools:copper_helmet":1,"emerald_tools:wooden_hammer":14,"emerald_tools:copper_leggings":1,"minecraft:diamond_pickaxe":62,"minecraft:gravel":6,"minecraft:fishing_rod":27,"minecraft:cobblestone":471,"minecraft:cooked_porkchop":5,"emerald_tools:copper_paxel":244,"minecraft:bucket":36,"minecraft:oak_boat":14,"emerald_tools:copper_chestplate":3},"minecraft:crafted":{"minecraft:oak_planks":118,"emerald_tools:copper_chestplate":2,"emerald_tools:iron_excavator":1,"minecraft:cooked_chicken":1,"minecraft:furnace":4,"emerald_tools:copper_paxel":1,"emerald_tools:copper_axe":1,"emerald_tools:copper_helmet":1,"emerald_tools:obsidian_pickaxe":1,"minecraft:stone_pickaxe":1,"minecraft:chest":3,"minecraft:cooked_beef":17,"minecraft:cooked_cod":11,"emerald_tools:copper_pickaxe":1,"emerald_tools:copper_shovel":1,"minecraft:diamond_sword":1,"minecraft:cooked_porkchop":10,"minecraft:crafting_table":3,"emerald_tools:wooden_hammer":1,"minecraft:wooden_pickaxe":1,"minecraft:iron_sword":1,"emerald_tools:iron_hammer":7,"minecraft:copper_ingot":72,"minecraft:bucket":1,"minecraft:glowstone":11,"minecraft:air":0,"minecraft:oak_boat":6,"minecraft:diamond_pickaxe":1,"minecraft:shield":1,"minecraft:stick":24,"minecraft:iron_ingot":13,"minecraft:wooden_axe":1,"minecraft:gold_ingot":9,"minecraft:white_bed":1,"emerald_tools:copper_leggings":1,"minecraft:torch":38},"minecraft:dropped":{"minecraft:golden_boots":1,"minecraft:lilac":2,"emerald_tools:iron_excavator":1,"minecraft:feather":1,"minecraft:cobblestone":399,"emerald_tools:iron_hammer":2,"croptopia:clam":1,"minecraft:granite":21,"minecraft:tropical_fish":1,"croptopia:apricot":1,"minecraft:pufferfish":2,"minecraft:diorite":148,"croptopia:grape_seed":3,"minecraft:sand":14,"minecraft:string":1,"minecraft:lily_pad":16,"minecraft:stone_brick_slab":4,"minecraft:gravel":8,"croptopia:sea_lettuce":2,"minecraft:iron_nugget":2,"minecraft:cobbled_deepslate":429,"minecraft:smooth_stone_slab":3,"minecraft:tuff":60,"minecraft:rotten_flesh":3,"universal_graves:grave_compass":1,"minecraft:glowstone_dust":1,"minecraft:white_bed":1,"minecraft:filled_map":1,"minecraft:shield":1,"minecraft:andesite":75,"minecraft:wooden_pickaxe":1,"minecraft:stone_pickaxe":1,"croptopia:oyster":3},"minecraft:killed":{"minecraft:spider":1,"minecraft:chicken":1,"minecraft:drowned":1,"minecraft:pig":4,"minecraft:sheep":3,"minecraft:zombie":1,"minecraft:wither_skeleton":2,"minecraft:player":1,"minecraft:cow":8},"minecraft:killed_by":{"minecraft:player":2,"minecraft:drowned":2,"minecraft:cave_spider":2},"minecraft:picked_up":{"minecraft:wooden_axe":1,"minecraft:crafting_table":7,"croptopia:clam":1,"minecraft:chicken":1,"croptopia:grape_seed":6,"minecraft:gold_block":1,"minecraft:shield":1,"minecraft:string":1,"minecraft:raw_copper":75,"minecraft:smooth_stone_slab":3,"minecraft:pufferfish":2,"minecraft:cobbled_deepslate":1158,"minecraft:beef":16,"minecraft:oak_boat":8,"minecraft:iron_nugget":2,"minecraft:chest":3,"minecraft:furnace":3,"minecraft:egg":3,"minecraft:stick":15,"minecraft:raw_iron":12,"minecraft:torch":5,"minecraft:porkchop":10,"minecraft:carrot":13,"minecraft:diorite":217,"minecraft:redstone":92,"croptopia:grape":2,"minecraft:rotten_flesh":6,"minecraft:tropical_fish":1,"minecraft:nether_bricks":34,"croptopia:sea_lettuce":2,"minecraft:obsidian":5,"minecraft:mutton":4,"minecraft:cod":20,"minecraft:white_wool":3,"minecraft:cobblestone":1509,"minecraft:nautilus_shell":1,"minecraft:feather":1,"minecraft:lilac":2,"minecraft:andesite":82,"minecraft:salmon":6,"croptopia:crab":1,"minecraft:flint":3,"minecraft:tuff":70,"minecraft:oak_log":71,"minecraft:lily_pad":16,"minecraft:golden_boots":1,"minecraft:lapis_lazuli":126,"minecraft:dirt":242,"minecraft:bone":3,"minecraft:apple":8,"minecraft:stone_bricks":1,"minecraft:wheat_seeds":4,"emerald_tools:iron_hammer":2,"minecraft:stone_pickaxe":1,"minecraft:glowstone_dust":46,"minecraft:oak_planks":2,"minecraft:mossy_stone_brick_stairs":1,"croptopia:apricot":2,"minecraft:stone_brick_slab":4,"croptopia:tuna":1,"minecraft:quartz":39,"minecraft:gravel":20,"minecraft:sand":14,"croptopia:oyster":3,"minecraft:white_bed":2,"minecraft:crying_obsidian":1,"minecraft:diamond":5,"minecraft:granite":53,"minecraft:oak_sapling":70,"minecraft:netherrack":121,"minecraft:coal":42},"minecraft:custom":{"minecraft:mob_kills":21,"minecraft:interact_with_crafting_table":74,"minecraft:leave_game":2,"minecraft:time_since_death":8137,"minecraft:sprint_one_cm":497359,"minecraft:walk_one_cm":456701,"minecraft:damage_blocked_by_shield":60,"minecraft:drop":83,"minecraft:play_time":232429,"minecraft:deaths":8,"minecraft:sneak_time":5332,"minecraft:walk_under_water_one_cm":74309,"minecraft:boat_one_cm":1298185,"minecraft:jump":2661,"minecraft:walk_on_water_one_cm":44269,"minecraft:total_world_time":232429,"minecraft:interact_with_furnace":86,"minecraft:sleep_in_bed":1,"minecraft:time_since_rest":8174,"minecraft:waystone_activated":2,"minecraft:damage_taken":3714,"minecraft:damage_dealt":2685,"minecraft:swim_one_cm":60795,"minecraft:player_kills":1,"minecraft:fly_one_cm":408672,"minecraft:open_chest":108,"minecraft:crouch_one_cm":10687,"minecraft:fish_caught":35,"minecraft:fall_one_cm":48677},"minecraft:broken":{"minecraft:golden_boots":1,"emerald_tools:copper_paxel":1,"minecraft:wooden_axe":1}},"DataVersion":3953}