{"stats":{"minecraft:mined":{"croptopia:cantaloupe_crop":1,"minecraft:tuff":53,"minecraft:white_bed":1,"minecraft:oak_sapling":2,"croptopia:orange_crop":24,"minecraft:deepslate_diamond_ore":11,"minecraft:glow_lichen":1,"minecraft:granite":20,"croptopia:lime_crop":2,"minecraft:grass_block":6,"minecraft:spawner":1,"minecraft:raw_iron_block":1,"croptopia:cherry_crop":1,"minecraft:furnace":2,"minecraft:fire":24,"minecraft:iron_ore":6,"minecraft:cobbled_deepslate":13,"minecraft:andesite":4,"minecraft:pumpkin":1,"minecraft:deepslate_lapis_ore":6,"croptopia:peach_crop":4,"minecraft:deepslate_iron_ore":25,"minecraft:stone":336,"minecraft:deepslate_redstone_ore":1,"minecraft:crafting_table":4,"minecraft:torch":1,"minecraft:short_grass":9,"minecraft:copper_ore":14,"minecraft:cobblestone":23,"minecraft:deepslate_gold_ore":8,"minecraft:sugar_cane":4,"minecraft:diorite":25,"minecraft:wall_torch":1,"croptopia:spinach_crop":1,"minecraft:birch_log":11,"croptopia:avocado_crop":2,"croptopia:apricot_crop":1,"minecraft:coal_ore":23,"minecraft:oak_log":83,"minecraft:gravel":3,"minecraft:dirt":11,"minecraft:oak_leaves":24,"minecraft:deepslate":190},"minecraft:dropped":{"minecraft:birch_planks":2,"minecraft:feather":12,"minecraft:cobblestone":124,"emerald_tools:iron_hammer":2,"minecraft:granite":24,"emerald_tools:steel_paxel":1,"minecraft:stick":6,"minecraft:dirt":19,"minecraft:diorite":9,"minecraft:wooden_axe":2,"minecraft:wooden_sword":1,"minecraft:pumpkin":1,"minecraft:white_wool":2,"croptopia:cantaloupe_seed":2,"minecraft:music_disc_cat":1,"minecraft:bone":1,"minecraft:gravel":6,"minecraft:sugar_cane":19,"minecraft:stone_sword":1,"minecraft:cobbled_deepslate":132,"minecraft:tuff":32,"minecraft:birch_sapling":2,"emerald_tools:copper_sword":3,"minecraft:rotten_flesh":2,"universal_graves:grave_compass":7,"minecraft:oak_planks":25,"minecraft:leather_chestplate":1,"croptopia:spinach_seed":4,"minecraft:stone":2,"minecraft:gunpowder":2,"minecraft:iron_chestplate":1,"minecraft:andesite":20,"minecraft:oak_sapling":78,"minecraft:spider_eye":2,"minecraft:wooden_pickaxe":3,"emerald_tools:copper_chestplate":1,"emerald_tools:iron_paxel":1,"emerald_tools:copper_pickaxe":2},"minecraft:used":{"minecraft:stone_sword":28,"emerald_tools:iron_paxel":173,"minecraft:chest":4,"minecraft:iron_sword":26,"minecraft:cooked_chicken":8,"minecraft:rotten_flesh":22,"minecraft:iron_chestplate":1,"minecraft:oak_door":2,"emerald_tools:copper_sword":210,"minecraft:torch":57,"minecraft:dirt":35,"minecraft:carrot":7,"minecraft:wooden_axe":39,"emerald_tools:copper_pickaxe":475,"croptopia:peach":3,"minecraft:bow":2,"minecraft:oak_sapling":11,"croptopia:lime":2,"minecraft:furnace":7,"minecraft:egg":2,"minecraft:cooked_beef":1,"minecraft:cobbled_deepslate":24,"minecraft:cooked_mutton":4,"minecraft:baked_potato":1,"minecraft:stone_pickaxe":131,"croptopia:apricot":1,"minecraft:leather_chestplate":1,"minecraft:wooden_pickaxe":11,"emerald_tools:iron_excavator":20,"minecraft:golden_apple":1,"emerald_tools:steel_paxel":26,"minecraft:crafting_table":14,"croptopia:cherry":1,"minecraft:white_bed":2,"croptopia:orange":22,"minecraft:oak_log":1,"minecraft:diamond_pickaxe":31,"minecraft:apple":1,"minecraft:bread":1,"minecraft:iron_pickaxe":48,"minecraft:stone_axe":62,"minecraft:wooden_sword":5,"minecraft:cobblestone":148,"minecraft:cooked_porkchop":4,"minecraft:oak_boat":1,"croptopia:cantaloupe":1,"minecraft:bone_meal":19},"minecraft:crafted":{"minecraft:wooden_sword":1,"minecraft:oak_door":6,"minecraft:oak_planks":322,"emerald_tools:copper_chestplate":1,"minecraft:cooked_chicken":8,"minecraft:furnace":5,"minecraft:stone":2,"minecraft:bone_meal":30,"minecraft:cooked_mutton":4,"minecraft:bow":1,"emerald_tools:copper_helmet":1,"minecraft:stone_pickaxe":1,"minecraft:chest":4,"minecraft:cooked_beef":6,"emerald_tools:copper_pickaxe":2,"minecraft:cooked_porkchop":4,"minecraft:crafting_table":10,"minecraft:wooden_pickaxe":1,"minecraft:baked_potato":6,"minecraft:iron_sword":1,"minecraft:copper_ingot":35,"minecraft:birch_planks":44,"minecraft:stone_axe":1,"minecraft:bread":12,"minecraft:air":0,"minecraft:iron_chestplate":1,"minecraft:diamond_pickaxe":1,"minecraft:shield":1,"minecraft:stick":84,"minecraft:iron_ingot":16,"minecraft:iron_pickaxe":1,"minecraft:wooden_axe":2,"minecraft:stone_sword":1,"minecraft:white_bed":1,"emerald_tools:copper_leggings":1,"minecraft:torch":92,"emerald_tools:copper_boots":1,"emerald_tools:copper_sword":1,"minecraft:diamond_chestplate":1},"minecraft:killed":{"minecraft:spider":3,"minecraft:skeleton":3,"minecraft:chicken":7,"minecraft:pig":2,"minecraft:creeper":1,"minecraft:sheep":5,"minecraft:zombie":37,"minecraft:player":2,"minecraft:cow":4},"minecraft:killed_by":{"minecraft:creeper":2,"minecraft:skeleton":1,"minecraft:zombie":2},"minecraft:picked_up":{"minecraft:wooden_axe":1,"minecraft:wheat":1,"minecraft:iron_chestplate":2,"minecraft:crafting_table":6,"minecraft:chicken":8,"croptopia:peach":3,"minecraft:wooden_pickaxe":3,"minecraft:enchanted_book":1,"minecraft:music_disc_cat":1,"minecraft:string":3,"croptopia:cantaloupe":1,"minecraft:raw_copper":96,"minecraft:wooden_sword":1,"universal_graves:grave_compass":4,"minecraft:cobbled_deepslate":138,"croptopia:avocado":1,"minecraft:beef":6,"minecraft:oak_boat":2,"minecraft:iron_pickaxe":1,"minecraft:sugar_cane":38,"minecraft:birch_sapling":2,"minecraft:furnace":3,"minecraft:egg":4,"emerald_tools:steel_paxel":1,"minecraft:raw_iron":48,"minecraft:stick":17,"minecraft:stone":2,"minecraft:copper_ingot":3,"minecraft:torch":85,"minecraft:porkchop":4,"minecraft:carrot":2,"minecraft:diorite":20,"emerald_tools:copper_pickaxe":1,"minecraft:redstone":4,"croptopia:cantaloupe_seed":2,"minecraft:stone_sword":2,"minecraft:arrow":2,"minecraft:rotten_flesh":38,"emerald_tools:copper_sword":2,"minecraft:mutton":5,"minecraft:white_wool":6,"minecraft:cobblestone":480,"minecraft:birch_log":11,"minecraft:leather_chestplate":1,"minecraft:feather":12,"minecraft:cooked_beef":5,"minecraft:andesite":20,"minecraft:leather":12,"minecraft:potato":6,"minecraft:birch_planks":8,"minecraft:tuff":32,"minecraft:oak_log":123,"minecraft:gunpowder":12,"emerald_tools:iron_paxel":3,"minecraft:lapis_lazuli":82,"minecraft:dirt":200,"minecraft:name_tag":1,"minecraft:bone":13,"emerald_tools:iron_excavator":2,"minecraft:apple":1,"minecraft:bow":1,"minecraft:wheat_seeds":2,"minecraft:raw_gold":14,"emerald_tools:iron_hammer":2,"minecraft:iron_ingot":2,"minecraft:stone_pickaxe":1,"croptopia:lime":2,"minecraft:oak_planks":125,"croptopia:apricot":1,"minecraft:pumpkin":1,"minecraft:raw_iron_block":2,"minecraft:gravel":6,"minecraft:white_bed":1,"minecraft:spider_eye":3,"croptopia:spinach_seed":4,"croptopia:cherry":2,"minecraft:diamond":11,"minecraft:stone_axe":1,"croptopia:orange":22,"minecraft:granite":24,"minecraft:bread":11,"minecraft:oak_sapling":103,"minecraft:coal":23},"minecraft:custom":{"minecraft:mob_kills":63,"minecraft:interact_with_crafting_table":46,"minecraft:leave_game":2,"minecraft:time_since_death":99730,"minecraft:sprint_one_cm":463400,"minecraft:walk_one_cm":667178,"minecraft:drop":81,"minecraft:play_time":172689,"minecraft:deaths":5,"minecraft:sneak_time":2140,"minecraft:walk_under_water_one_cm":6966,"minecraft:boat_one_cm":437863,"minecraft:jump":3306,"minecraft:walk_on_water_one_cm":12470,"minecraft:total_world_time":172689,"minecraft:interact_with_furnace":71,"minecraft:time_since_rest":101032,"minecraft:waystone_activated":1,"minecraft:damage_taken":3103,"minecraft:damage_dealt":10183,"minecraft:player_kills":2,"minecraft:swim_one_cm":1379,"minecraft:fly_one_cm":237837,"minecraft:open_chest":40,"minecraft:crouch_one_cm":7107,"minecraft:fall_one_cm":48533},"minecraft:broken":{"emerald_tools:copper_pickaxe":1,"minecraft:stone_pickaxe":1}},"DataVersion":3953}