{"stats":{"minecraft:mined":{"minecraft:cherry_log":35,"minecraft:granite":7,"croptopia:lime_crop":1,"minecraft:grass_block":9,"minecraft:cracked_polished_blackstone_bricks":37,"minecraft:soul_soil":1,"minecraft:chiseled_tuff_bricks":3,"minecraft:tuff_bricks":30,"minecraft:spawner":1,"minecraft:polished_blackstone_bricks":68,"minecraft:magma_block":1,"croptopia:cherry_crop":7,"minecraft:iron_ore":36,"minecraft:fire":1,"minecraft:polished_tuff":1,"minecraft:orange_bed":1,"croptopia:starfruit_crop":2,"minecraft:blackstone":25,"minecraft:smoker":1,"minecraft:soul_fire":2,"minecraft:blast_furnace":2,"minecraft:mushroom_stem":8,"minecraft:cobblestone":5,"minecraft:wall_torch":1,"minecraft:pink_petals":1,"minecraft:birch_log":19,"minecraft:lilac":4,"croptopia:pear_crop":2,"minecraft:waxed_copper_block":3,"croptopia:apricot_crop":9,"minecraft:oak_log":33,"minecraft:waxed_oxidized_copper":4,"minecraft:sand":6,"minecraft:dirt":8,"minecraft:red_mushroom_block":45,"minecraft:netherrack":112,"minecraft:oak_leaves":26,"minecraft:deepslate":8,"minecraft:nether_gold_ore":10,"minecraft:diamond_ore":1,"minecraft:tuff":3,"croptopia:orange_crop":5,"minecraft:deepslate_diamond_ore":11,"croptopia:persimmon_crop":4,"minecraft:decorated_pot":24,"minecraft:brown_mushroom_block":45,"minecraft:oxidized_cut_copper":1,"minecraft:waxed_oxidized_cut_copper":1,"minecraft:furnace":3,"minecraft:waxed_copper_grate":2,"minecraft:andesite":16,"minecraft:gold_block":2,"minecraft:deepslate_iron_ore":6,"minecraft:packed_ice":3,"croptopia:elderberry_crop":1,"minecraft:waxed_weathered_copper_bulb":1,"minecraft:stone":113,"minecraft:soul_sand":1,"minecraft:basalt":12,"minecraft:crafting_table":6,"minecraft:short_grass":25,"minecraft:tall_grass":5,"croptopia:lemon_crop":3,"minecraft:copper_ore":8,"minecraft:polished_blackstone_brick_stairs":2,"minecraft:diorite":15,"croptopia:spinach_crop":1,"croptopia:plum_crop":1,"minecraft:sweet_berry_bush":4,"minecraft:birch_leaves":2,"minecraft:coal_ore":77,"croptopia:celery_crop":1,"minecraft:flower_pot":1,"minecraft:cobweb":19},"minecraft:crafted":{"minecraft:oak_planks":76,"emerald_tools:copper_chestplate":1,"minecraft:cooked_chicken":2,"minecraft:cooked_mutton":9,"minecraft:diamond_leggings":1,"minecraft:chest":2,"minecraft:golden_boots":1,"minecraft:smoker":1,"minecraft:cooked_porkchop":16,"minecraft:crafting_table":7,"minecraft:wooden_pickaxe":3,"minecraft:copper_ingot":32,"minecraft:birch_planks":34,"minecraft:campfire":1,"minecraft:stick":44,"minecraft:iron_ingot":19,"minecraft:gold_ingot":4,"emerald_tools:copper_leggings":1,"emerald_tools:copper_boots":1,"emerald_tools:copper_sword":1,"minecraft:furnace":3,"minecraft:mushroom_stew":8,"minecraft:bone_meal":6,"minecraft:flint_and_steel":1,"emerald_tools:copper_axe":1,"emerald_tools:copper_helmet":1,"minecraft:stone_pickaxe":1,"minecraft:cooked_beef":7,"minecraft:iron_sword":1,"minecraft:bowl":8,"emerald_tools:iron_hammer":1,"minecraft:cooked_salmon":6,"minecraft:bucket":1,"minecraft:stone_axe":1,"minecraft:air":0,"minecraft:oak_boat":2,"minecraft:wooden_axe":1,"minecraft:torch":88,"minecraft:diamond_chestplate":1},"minecraft:dropped":{"minecraft:iron_sword":1,"minecraft:brown_mushroom":10,"minecraft:porkchop":10,"minecraft:cooked_porkchop":2,"croptopia:elderberry_seed":2,"croptopia:cauliflower":1,"minecraft:leather":11,"croptopia:apricot":1,"minecraft:dirt":17,"minecraft:gold_nugget":3,"minecraft:sand":1,"minecraft:polished_blackstone_bricks":5,"minecraft:white_wool":6,"minecraft:stone_axe":3,"minecraft:blackstone":1,"minecraft:chiseled_tuff_bricks":3,"minecraft:cobbled_deepslate":80,"minecraft:cherry_sapling":1,"minecraft:rotten_flesh":6,"minecraft:oak_planks":11,"croptopia:strawberry_seed":6,"minecraft:waxed_copper_block":3,"croptopia:broccoli":1,"minecraft:gunpowder":4,"croptopia:broccoli_seed":1,"minecraft:chest":1,"minecraft:arrow":5,"croptopia:persimmon":5,"minecraft:wheat_seeds":9,"minecraft:lilac":2,"minecraft:oxidized_cut_copper":1,"minecraft:feather":3,"minecraft:cobblestone":11,"minecraft:polished_tuff":1,"minecraft:mushroom_stew":3,"croptopia:celery_seed":4,"minecraft:diorite":5,"minecraft:wooden_axe":1,"croptopia:tomato":1,"minecraft:waxed_oxidized_copper":4,"minecraft:string":1,"minecraft:bucket":1,"minecraft:furnace":1,"minecraft:tuff_bricks":10,"minecraft:kelp":25,"minecraft:bowl":2,"emerald_tools:copper_sword":1,"croptopia:cherry":4,"minecraft:filled_map":1,"minecraft:flower_pot":1,"minecraft:andesite":1,"croptopia:pear":7,"minecraft:oak_boat":1,"minecraft:oak_sapling":32,"croptopia:roe":7,"croptopia:peach":4,"minecraft:bow":1,"minecraft:stone_pickaxe":1,"minecraft:wooden_pickaxe":5,"croptopia:lime":10},"minecraft:used":{"minecraft:cherry_sapling":26,"minecraft:decorated_pot":1,"minecraft:chest":2,"minecraft:shield":57,"minecraft:iron_sword":244,"minecraft:rotten_flesh":3,"minecraft:soul_sand":1,"minecraft:tuff":3,"minecraft:birch_sapling":3,"emerald_tools:copper_pickaxe":222,"minecraft:bow":14,"minecraft:oak_sapling":1,"croptopia:lime":1,"minecraft:furnace":5,"croptopia:roe":9,"minecraft:egg":1,"croptopia:pear":2,"minecraft:stone_pickaxe":74,"minecraft:oak_planks":7,"minecraft:blackstone":8,"emerald_tools:copper_axe":157,"minecraft:wooden_pickaxe":22,"emerald_tools:iron_hammer":77,"minecraft:sand":2,"minecraft:mushroom_stew":2,"minecraft:blast_furnace":2,"minecraft:crossbow":2,"croptopia:orange":5,"croptopia:plum":1,"minecraft:bread":38,"minecraft:lilac":2,"minecraft:oak_boat":10,"minecraft:flint_and_steel":6,"croptopia:starfruit":2,"minecraft:cooked_salmon":7,"minecraft:cooked_chicken":2,"minecraft:netherrack":105,"minecraft:trial_key":2,"minecraft:orange_bed":1,"emerald_tools:copper_sword":34,"minecraft:torch":105,"minecraft:dirt":2,"croptopia:elderberry":1,"minecraft:wooden_axe":1,"croptopia:persimmon":4,"minecraft:basalt":5,"minecraft:golden_carrot":5,"minecraft:beef":4,"minecraft:soul_soil":1,"croptopia:strawberry":1,"minecraft:cooked_beef":2,"minecraft:cobbled_deepslate":1,"minecraft:cooked_mutton":6,"croptopia:celery":1,"croptopia:lemon":3,"croptopia:apricot":9,"minecraft:polished_blackstone_bricks":54,"minecraft:crafting_table":12,"croptopia:cherry":8,"minecraft:spider_eye":1,"minecraft:campfire":1,"minecraft:smoker":2,"minecraft:diamond_pickaxe":327,"minecraft:apple":1,"minecraft:cracked_polished_blackstone_bricks":26,"minecraft:chicken":3,"minecraft:stone_axe":94,"minecraft:cobblestone":59,"minecraft:cooked_porkchop":17},"minecraft:killed":{"minecraft:cave_spider":5,"minecraft:spider":2,"minecraft:skeleton":13,"minecraft:chicken":5,"minecraft:piglin_brute":3,"minecraft:piglin":4,"minecraft:pig":11,"minecraft:zombie_villager":1,"minecraft:salmon":9,"minecraft:creeper":2,"minecraft:sheep":9,"minecraft:zombie":10,"minecraft:cow":5,"minecraft:slime":22,"minecraft:horse":4,"minecraft:drowned":1,"minecraft:breeze":3},"minecraft:killed_by":{"minecraft:piglin_brute":1,"minecraft:skeleton":1},"minecraft:picked_up":{"minecraft:flower_pot":1,"croptopia:broccoli":1,"minecraft:raw_copper":50,"minecraft:string":38,"minecraft:polished_blackstone_brick_stairs":2,"minecraft:soul_soil":1,"minecraft:cooked_salmon":1,"minecraft:gold_nugget":39,"minecraft:cobbled_deepslate":522,"minecraft:trial_key":2,"minecraft:calcite":1,"minecraft:furnace":4,"minecraft:tipped_arrow":7,"minecraft:stick":46,"minecraft:torch":1,"minecraft:porkchop":27,"minecraft:cherry_log":35,"minecraft:music_disc_pigstep":1,"minecraft:waxed_copper_grate":2,"minecraft:diorite":20,"emerald_tools:copper_pickaxe":1,"minecraft:orange_bed":1,"minecraft:rotten_flesh":9,"croptopia:persimmon":9,"croptopia:elderberry":1,"minecraft:cobblestone":127,"croptopia:cauliflower":1,"minecraft:birch_log":19,"minecraft:pink_petals":4,"minecraft:magma_block":1,"minecraft:feather":3,"minecraft:lilac":4,"croptopia:broccoli_seed":1,"minecraft:andesite":9,"minecraft:smoker":1,"minecraft:tuff":37,"croptopia:celery":1,"minecraft:dirt":37,"minecraft:bone":20,"minecraft:bow":2,"minecraft:wheat_seeds":10,"croptopia:roe":16,"croptopia:lime":11,"minecraft:cooked_porkchop":3,"croptopia:plum":1,"croptopia:celery_seed":4,"minecraft:sand":8,"croptopia:cherry":12,"minecraft:diamond":13,"waystones:waystone":2,"minecraft:cracked_polished_blackstone_bricks":32,"minecraft:granite":6,"minecraft:crossbow":1,"minecraft:breeze_rod":6,"minecraft:bread":34,"minecraft:emerald":13,"minecraft:oak_sapling":33,"minecraft:netherrack":113,"minecraft:crafting_table":5,"minecraft:chicken":5,"croptopia:peach":4,"minecraft:brown_mushroom":18,"minecraft:wooden_pickaxe":2,"minecraft:gold_block":2,"minecraft:shield":1,"minecraft:brick":79,"minecraft:wind_charge":3,"minecraft:blackstone":23,"croptopia:pear":9,"minecraft:beef":11,"minecraft:oak_boat":10,"minecraft:guster_pottery_sherd":5,"minecraft:birch_sapling":3,"minecraft:chest":1,"minecraft:waxed_oxidized_copper":4,"minecraft:egg":3,"minecraft:raw_iron":42,"minecraft:polished_blackstone_bricks":70,"minecraft:flow_pottery_sherd":2,"minecraft:trident":1,"croptopia:strawberry":1,"minecraft:arrow":52,"croptopia:strawberry_seed":6,"minecraft:decorated_pot":1,"minecraft:tuff_bricks":37,"minecraft:mutton":13,"minecraft:white_wool":6,"minecraft:basalt":11,"minecraft:golden_carrot":14,"minecraft:salmon":7,"minecraft:leather":11,"minecraft:red_mushroom":8,"minecraft:mushroom_stew":2,"minecraft:oak_log":43,"minecraft:waxed_copper_block":3,"minecraft:lily_pad":11,"minecraft:gunpowder":4,"minecraft:cooked_mutton":1,"minecraft:apple":1,"minecraft:kelp":25,"minecraft:iron_ingot":15,"croptopia:tomato":1,"croptopia:elderberry_seed":2,"minecraft:iron_sword":1,"minecraft:oxidized_cut_copper":1,"minecraft:soul_sand":1,"minecraft:smooth_basalt":1,"minecraft:emerald_block":1,"croptopia:apricot":10,"minecraft:sweet_berries":10,"croptopia:starfruit":2,"minecraft:blast_furnace":2,"minecraft:spider_eye":2,"minecraft:polished_tuff":1,"croptopia:lemon":3,"minecraft:slime_ball":20,"minecraft:stone_axe":2,"croptopia:orange":5,"minecraft:cherry_sapling":27,"minecraft:gray_wool":2,"minecraft:coal":109,"minecraft:chiseled_tuff_bricks":3},"minecraft:custom":{"minecraft:interact_with_crafting_table":39,"minecraft:open_barrel":4,"minecraft:leave_game":1,"minecraft:time_since_death":20909,"minecraft:sprint_one_cm":956527,"minecraft:damage_blocked_by_shield":2812,"minecraft:drop":92,"minecraft:play_time":298155,"minecraft:deaths":2,"minecraft:jump":5593,"minecraft:walk_on_water_one_cm":84630,"minecraft:interact_with_furnace":51,"minecraft:sleep_in_bed":2,"minecraft:waystone_activated":3,"minecraft:damage_dealt":13550,"minecraft:crouch_one_cm":49124,"minecraft:interact_with_smoker":9,"minecraft:interact_with_smithing_table":1,"minecraft:mob_kills":112,"minecraft:interact_with_campfire":1,"minecraft:climb_one_cm":3388,"minecraft:walk_one_cm":632631,"minecraft:sneak_time":15243,"minecraft:walk_under_water_one_cm":33747,"minecraft:boat_one_cm":990733,"minecraft:interact_with_blast_furnace":1,"minecraft:total_world_time":298155,"minecraft:time_since_rest":20943,"minecraft:damage_taken":4659,"minecraft:fly_one_cm":1191689,"minecraft:swim_one_cm":206892,"minecraft:open_chest":52,"minecraft:fall_one_cm":148978},"minecraft:broken":{"emerald_tools:copper_pickaxe":1,"minecraft:shield":1}},"DataVersion":3953}