{"stats":{"minecraft:mined":{"minecraft:diamond_ore":1,"minecraft:white_bed":2,"minecraft:farmland":1,"croptopia:orange_crop":4,"minecraft:deepslate_diamond_ore":15,"croptopia:grape_crop":2,"minecraft:cherry_log":100,"croptopia:persimmon_crop":11,"minecraft:granite":34,"minecraft:grass_block":216,"croptopia:barley_crop":1,"minecraft:furnace":4,"minecraft:iron_ore":58,"croptopia:corn_crop":1,"croptopia:soybean_crop":1,"croptopia:blueberry_crop":1,"minecraft:andesite":14,"minecraft:deepslate_lapis_ore":3,"minecraft:bell":1,"minecraft:bookshelf":8,"minecraft:dirt_path":24,"croptopia:apple_crop":6,"minecraft:deepslate_iron_ore":11,"minecraft:cherry_fence_gate":1,"minecraft:stone":326,"croptopia:avocado_sapling":2,"minecraft:orange_glazed_terracotta":1,"minecraft:deepslate_redstone_ore":1,"minecraft:melon_stem":5,"minecraft:amethyst_cluster":6,"minecraft:stone_brick_slab":3,"croptopia:sweetpotato_crop":1,"minecraft:crafting_table":10,"minecraft:torch":2,"minecraft:short_grass":171,"minecraft:chest":3,"minecraft:rose_bush":1,"minecraft:lectern":1,"minecraft:tall_grass":42,"minecraft:copper_ore":26,"minecraft:cobblestone":1,"minecraft:lapis_ore":11,"minecraft:deepslate_gold_ore":1,"minecraft:sugar_cane":3,"minecraft:diorite":3,"minecraft:wall_torch":2,"minecraft:amethyst_block":1,"minecraft:cherry_fence":22,"croptopia:nectarine_crop":7,"croptopia:cauliflower_crop":1,"minecraft:wheat":59,"croptopia:plum_crop":2,"minecraft:birch_log":3,"minecraft:spruce_log":14,"minecraft:birch_leaves":4,"croptopia:avocado_crop":33,"croptopia:chile_pepper_crop":1,"minecraft:coal_ore":101,"minecraft:oak_log":86,"croptopia:celery_crop":1,"minecraft:sand":1,"minecraft:gravel":25,"minecraft:dirt":57,"minecraft:cracked_stone_bricks":1,"minecraft:stonecutter":1,"minecraft:stone_bricks":2,"minecraft:netherrack":15,"minecraft:gold_ore":1,"minecraft:oak_leaves":11,"minecraft:deepslate":3,"croptopia:cabbage_crop":1},"minecraft:dropped":{"minecraft:iron_sword":1,"minecraft:wheat_seeds":1,"minecraft:diamond":1,"minecraft:cobblestone":85,"minecraft:cracked_stone_bricks":1,"croptopia:cabbage":2,"emerald_tools:steel_paxel":1,"minecraft:stick":8,"minecraft:dirt":131,"croptopia:celery_seed":3,"croptopia:celery":1,"minecraft:gray_wool":1,"minecraft:diorite":1,"croptopia:grape_seed":4,"minecraft:torch":17,"minecraft:mutton":1,"minecraft:wooden_axe":2,"croptopia:sweetpotato_seed":3,"croptopia:cauliflower_seed":1,"minecraft:sand":1,"minecraft:string":3,"minecraft:white_wool":2,"minecraft:stone_brick_slab":3,"minecraft:redstone":5,"minecraft:gravel":10,"croptopia:corn":1,"minecraft:stone_axe":1,"minecraft:iron_nugget":2,"minecraft:cobbled_deepslate":14,"minecraft:stone_sword":2,"minecraft:raw_copper":3,"minecraft:birch_sapling":1,"minecraft:raw_iron":1,"minecraft:rotten_flesh":12,"croptopia:corn_seed":1,"universal_graves:grave_compass":1,"minecraft:oak_planks":3,"emerald_tools:copper_leggings":1,"croptopia:avocado":2,"minecraft:andesite":18,"minecraft:oak_sapling":30,"minecraft:spider_eye":2,"minecraft:bow":1,"minecraft:wooden_pickaxe":2,"emerald_tools:copper_chestplate":1,"emerald_tools:iron_paxel":2,"minecraft:netherrack":3,"minecraft:egg":2},"minecraft:used":{"minecraft:cherry_sapling":35,"minecraft:stone_sword":26,"minecraft:chest":7,"minecraft:shield":55,"minecraft:iron_sword":116,"minecraft:bell":1,"minecraft:cooked_chicken":6,"minecraft:torch":157,"minecraft:dirt":399,"minecraft:granite":1,"emerald_tools:steel_hammer":27,"minecraft:wooden_axe":80,"emerald_tools:copper_boots":1,"emerald_tools:amethyst_pickaxe":10,"minecraft:cherry_fence_gate":4,"minecraft:melon_seeds":4,"croptopia:persimmon":10,"minecraft:bow":10,"emerald_tools:steel_hoe":134,"minecraft:furnace":14,"minecraft:egg":8,"minecraft:cherry_fence":140,"croptopia:grape":2,"minecraft:wheat_seeds":75,"minecraft:cooked_mutton":5,"minecraft:water_bucket":22,"minecraft:birch_planks":1,"minecraft:stone_pickaxe":131,"minecraft:oak_planks":1,"minecraft:wooden_pickaxe":168,"emerald_tools:iron_excavator":110,"emerald_tools:steel_paxel":722,"minecraft:crafting_table":18,"minecraft:white_bed":3,"emerald_tools:copper_helmet":1,"croptopia:sweetpotato":1,"croptopia:orange":4,"emerald_tools:copper_leggings":1,"croptopia:plum":2,"croptopia:nectarine":7,"minecraft:apple":8,"minecraft:iron_pickaxe":250,"minecraft:gravel":8,"croptopia:cauliflower":1,"minecraft:stone_axe":20,"croptopia:avocado":4,"minecraft:cobblestone":93,"minecraft:cooked_porkchop":32,"minecraft:bucket":23,"minecraft:oak_boat":5,"minecraft:bone_meal":18,"minecraft:golden_pickaxe":32,"emerald_tools:copper_chestplate":1,"croptopia:avocado_sapling":10},"minecraft:crafted":{"minecraft:cherry_planks":204,"minecraft:oak_planks":136,"emerald_tools:copper_chestplate":1,"emerald_tools:iron_excavator":1,"minecraft:cooked_chicken":6,"minecraft:furnace":9,"minecraft:bone_meal":18,"emerald_tools:amethyst_pickaxe":1,"croptopia:avocado_sapling":10,"emerald_tools:steel_axe":2,"minecraft:cooked_mutton":2,"minecraft:diamond_leggings":1,"minecraft:iron_axe":1,"emerald_tools:copper_helmet":1,"minecraft:stone_pickaxe":1,"minecraft:chest":4,"minecraft:cherry_fence":132,"emerald_tools:steel_ingot":22,"minecraft:cherry_fence_gate":3,"minecraft:cooked_porkchop":34,"minecraft:crafting_table":8,"minecraft:spruce_planks":40,"minecraft:wooden_pickaxe":4,"minecraft:iron_sword":1,"minecraft:golden_pickaxe":1,"emerald_tools:steel_pickaxe":2,"minecraft:copper_ingot":46,"minecraft:bucket":2,"emerald_tools:steel_paxel":2,"minecraft:birch_planks":12,"emerald_tools:steel_shovel":3,"minecraft:stone_axe":1,"minecraft:air":0,"minecraft:oak_boat":4,"minecraft:gold_nugget":18,"minecraft:charcoal":33,"minecraft:shield":2,"minecraft:stick":172,"minecraft:iron_ingot":69,"minecraft:iron_pickaxe":2,"minecraft:wooden_axe":2,"minecraft:stone_sword":1,"minecraft:iron_shovel":1,"minecraft:gold_ingot":3,"minecraft:white_bed":1,"emerald_tools:copper_leggings":1,"emerald_tools:iron_paxel":1,"minecraft:torch":212,"emerald_tools:copper_boots":1,"emerald_tools:steel_hoe":1,"emerald_tools:steel_hammer":1,"minecraft:diamond_chestplate":1},"minecraft:killed":{"minecraft:spider":10,"minecraft:skeleton":12,"minecraft:chicken":16,"minecraft:pig":21,"minecraft:creeper":1,"minecraft:sheep":6,"minecraft:zombie":15},"minecraft:killed_by":{"minecraft:player":1,"minecraft:creeper":1,"minecraft:skeleton":3,"minecraft:zombie":1},"minecraft:picked_up":{"minecraft:wooden_axe":1,"minecraft:wheat":7,"minecraft:crafting_table":10,"minecraft:clay_ball":24,"croptopia:peach":10,"minecraft:chicken":15,"croptopia:grape_seed":6,"croptopia:sweetpotato_seed":3,"minecraft:wooden_pickaxe":1,"minecraft:cornflower":6,"minecraft:music_disc_cat":1,"minecraft:string":7,"minecraft:raw_copper":89,"minecraft:orange_glazed_terracotta":1,"croptopia:soybean":1,"universal_graves:grave_compass":2,"minecraft:cracked_stone_bricks":1,"minecraft:cobbled_deepslate":14,"croptopia:avocado":43,"minecraft:oak_boat":2,"minecraft:rose_bush":1,"minecraft:lectern":1,"minecraft:sugar_cane":3,"minecraft:chest":3,"minecraft:birch_sapling":1,"croptopia:corn_seed":2,"minecraft:furnace":5,"minecraft:egg":10,"emerald_tools:steel_paxel":1,"minecraft:stick":49,"minecraft:raw_iron":69,"croptopia:soybean_seed":1,"minecraft:torch":5,"minecraft:porkchop":49,"minecraft:cherry_log":96,"minecraft:diorite":2,"minecraft:redstone":5,"croptopia:avocado_sapling":2,"minecraft:cherry_fence_gate":1,"croptopia:grape":2,"minecraft:stone_sword":1,"minecraft:arrow":14,"minecraft:rotten_flesh":14,"croptopia:persimmon":10,"minecraft:mutton":7,"minecraft:white_wool":5,"croptopia:cabbage":2,"minecraft:cobblestone":492,"croptopia:cauliflower":1,"minecraft:birch_log":3,"minecraft:feather":13,"croptopia:nectarine":7,"minecraft:andesite":18,"minecraft:flint":4,"minecraft:cherry_fence":22,"minecraft:oak_log":77,"minecraft:lily_pad":7,"emerald_tools:iron_paxel":1,"croptopia:celery":1,"minecraft:lapis_lazuli":58,"minecraft:dirt":789,"croptopia:corn":2,"minecraft:cooked_mutton":3,"minecraft:stonecutter":1,"minecraft:bone":6,"croptopia:barley":1,"croptopia:sweetpotato":1,"minecraft:apple":13,"minecraft:bow":2,"minecraft:wheat_seeds":107,"minecraft:raw_gold":2,"minecraft:bell":1,"minecraft:cooked_chicken":8,"minecraft:iron_sword":1,"minecraft:oak_planks":2,"minecraft:book":24,"croptopia:chile_pepper_seed":2,"croptopia:cauliflower_seed":1,"minecraft:cooked_porkchop":5,"croptopia:plum":2,"minecraft:stone_brick_slab":3,"croptopia:celery_seed":3,"minecraft:gravel":21,"minecraft:sand":1,"minecraft:amethyst_shard":24,"minecraft:white_bed":2,"minecraft:spruce_log":14,"minecraft:spider_eye":2,"croptopia:chile_pepper":1,"minecraft:coal_ore":8,"minecraft:diamond":17,"croptopia:orange":4,"minecraft:granite":30,"minecraft:cherry_sapling":49,"minecraft:gray_wool":1,"minecraft:melon_seeds":4,"minecraft:oak_sapling":73,"minecraft:netherrack":3,"minecraft:coal":131},"minecraft:custom":{"minecraft:mob_kills":81,"minecraft:animals_bred":2,"minecraft:interact_with_crafting_table":77,"minecraft:bell_ring":4,"minecraft:leave_game":3,"minecraft:time_since_death":42380,"minecraft:sprint_one_cm":916072,"minecraft:walk_one_cm":917948,"minecraft:damage_blocked_by_shield":3023,"minecraft:drop":77,"minecraft:talked_to_villager":8,"minecraft:play_time":254138,"minecraft:deaths":9,"minecraft:sneak_time":16160,"minecraft:walk_under_water_one_cm":13148,"minecraft:boat_one_cm":409802,"minecraft:jump":3802,"minecraft:walk_on_water_one_cm":20469,"minecraft:total_world_time":254138,"minecraft:interact_with_furnace":111,"minecraft:sleep_in_bed":2,"minecraft:time_since_rest":25865,"minecraft:waystone_activated":1,"minecraft:damage_taken":5132,"minecraft:damage_dealt":11383,"minecraft:swim_one_cm":6927,"minecraft:fly_one_cm":520886,"minecraft:open_chest":60,"minecraft:crouch_one_cm":49748,"minecraft:fall_one_cm":77579},"minecraft:broken":{"emerald_tools:steel_paxel":1,"minecraft:wooden_pickaxe":2,"minecraft:stone_pickaxe":1,"minecraft:shield":1,"minecraft:iron_pickaxe":1,"minecraft:golden_pickaxe":1,"minecraft:wooden_axe":1}},"DataVersion":3953}