{"stats":{"minecraft:killed_by":{"minecraft:piglin_brute":1,"minecraft:piglin":4,"minecraft:zombie":1,"minecraft:spider":1,"minecraft:skeleton":1},"minecraft:custom":{"minecraft:interact_with_crafting_table":96,"minecraft:open_barrel":1,"minecraft:bell_ring":4,"minecraft:leave_game":9,"minecraft:time_since_death":264189,"minecraft:sprint_one_cm":1708245,"minecraft:damage_blocked_by_shield":4665,"minecraft:drop":200,"minecraft:talked_to_villager":1,"minecraft:play_time":446456,"minecraft:deaths":10,"minecraft:jump":8680,"minecraft:walk_on_water_one_cm":95707,"minecraft:interact_with_furnace":182,"minecraft:sleep_in_bed":11,"minecraft:waystone_activated":2,"minecraft:damage_dealt":27054,"minecraft:crouch_one_cm":73882,"minecraft:interact_with_smoker":47,"minecraft:inspect_dispenser":21,"minecraft:mob_kills":262,"minecraft:climb_one_cm":3554,"minecraft:walk_one_cm":1009286,"minecraft:sneak_time":22930,"minecraft:walk_under_water_one_cm":40832,"minecraft:boat_one_cm":123231,"minecraft:interact_with_blast_furnace":61,"minecraft:total_world_time":446456,"minecraft:interact_with_stonecutter":5,"minecraft:time_since_rest":182,"minecraft:damage_taken":9511,"minecraft:swim_one_cm":68852,"minecraft:fly_one_cm":1754507,"minecraft:open_chest":115,"minecraft:fall_one_cm":236528},"minecraft:crafted":{"minecraft:oak_planks":140,"minecraft:smooth_stone":6,"emerald_tools:copper_chestplate":2,"emerald_tools:iron_excavator":2,"minecraft:cooked_chicken":20,"minecraft:stone":9,"minecraft:diamond_shovel":1,"emerald_tools:steel_axe":1,"minecraft:cooked_mutton":33,"emerald_tools:copper_paxel":1,"minecraft:glass":68,"minecraft:diamond_helmet":1,"minecraft:diamond_leggings":1,"minecraft:iron_boots":1,"minecraft:chest":7,"minecraft:rail":48,"emerald_tools:steel_ingot":42,"minecraft:smoker":2,"emerald_tools:diamond_paxel":1,"emerald_tools:steel_leggings":1,"minecraft:cooked_porkchop":56,"emerald_tools:diamond_hammer":1,"minecraft:diamond_axe":1,"minecraft:crafting_table":3,"minecraft:spruce_planks":52,"minecraft:wooden_pickaxe":2,"minecraft:copper_ingot":189,"minecraft:birch_planks":16,"minecraft:spruce_trapdoor":2,"minecraft:diamond_pickaxe":1,"minecraft:charcoal":42,"minecraft:shield":5,"minecraft:stick":168,"minecraft:iron_ingot":153,"minecraft:iron_pickaxe":2,"minecraft:redstone_torch":6,"emerald_tools:copper_leggings":2,"minecraft:composter":2,"emerald_tools:copper_boots":2,"emerald_tools:copper_sword":1,"emerald_tools:steel_boots":1,"emerald_tools:steel_sword":1,"emerald_tools:steel_helmet":1,"minecraft:raw_iron":9,"minecraft:spyglass":1,"minecraft:diamond_hoe":1,"emerald_tools:copper_hammer":1,"minecraft:wind_charge":4,"minecraft:furnace":7,"minecraft:blast_furnace":2,"minecraft:bone_meal":27,"minecraft:flint_and_steel":1,"emerald_tools:copper_axe":2,"emerald_tools:steel_chestplate":1,"minecraft:spruce_slab":18,"emerald_tools:copper_helmet":2,"minecraft:stone_pickaxe":2,"minecraft:diamond_boots":2,"minecraft:spruce_boat":1,"minecraft:minecart":1,"minecraft:cooked_beef":77,"emerald_tools:copper_pickaxe":2,"emerald_tools:copper_shovel":1,"minecraft:diamond_sword":1,"emerald_tools:iron_hammer":1,"emerald_tools:steel_pickaxe":1,"minecraft:bucket":2,"minecraft:stone_axe":2,"minecraft:jungle_planks":36,"minecraft:air":0,"minecraft:oak_boat":1,"minecraft:white_wool":10,"minecraft:stonecutter":1,"minecraft:white_bed":2,"minecraft:torch":80,"minecraft:diamond_chestplate":1},"minecraft:broken":{"emerald_tools:copper_hammer":1,"emerald_tools:copper_paxel":1,"emerald_tools:iron_hammer":1,"minecraft:shield":1,"minecraft:iron_pickaxe":2},"minecraft:killed":{"minecraft:cave_spider":9,"minecraft:spider":3,"minecraft:skeleton":29,"minecraft:chicken":20,"minecraft:piglin":1,"minecraft:pig":30,"minecraft:zombie_villager":2,"minecraft:iron_golem":1,"minecraft:creeper":3,"minecraft:sheep":21,"minecraft:zombie":27,"minecraft:cow":40,"minecraft:slime":63,"minecraft:drowned":1,"minecraft:breeze":4,"minecraft:enderman":1},"minecraft:used":{"minecraft:diamond_hoe":85,"minecraft:chest":7,"minecraft:shield":107,"minecraft:rotten_flesh":3,"minecraft:carrot":11,"minecraft:deepslate_tile_slab":47,"minecraft:tuff":1,"minecraft:lava_bucket":10,"minecraft:spruce_boat":2,"minecraft:glass":37,"emerald_tools:copper_pickaxe":30,"minecraft:oak_sapling":18,"minecraft:furnace":17,"minecraft:egg":7,"minecraft:potato":120,"croptopia:pear":14,"minecraft:diorite":9,"croptopia:tomato":1,"minecraft:stone_pickaxe":129,"croptopia:radish":1,"emerald_tools:copper_axe":40,"minecraft:wooden_pickaxe":14,"minecraft:composter":2,"emerald_tools:iron_hammer":250,"emerald_tools:iron_excavator":93,"minecraft:blast_furnace":5,"emerald_tools:steel_axe":51,"minecraft:deepslate_brick_stairs":37,"minecraft:deepslate_tiles":266,"croptopia:nectarine":1,"minecraft:melon_slice":2,"minecraft:bread":2,"emerald_tools:steel_pickaxe":488,"minecraft:gravel":8,"croptopia:avocado":2,"minecraft:diamond_sword":155,"emerald_tools:copper_paxel":162,"minecraft:andesite":12,"minecraft:birch_log":3,"minecraft:oak_boat":1,"emerald_tools:copper_chestplate":1,"croptopia:cantaloupe":1,"minecraft:bone_meal":30,"minecraft:jungle_leaves":112,"minecraft:flint_and_steel":1,"croptopia:glowing_calamari":1,"croptopia:starfruit":1,"minecraft:trial_key":5,"minecraft:cooked_chicken":13,"minecraft:netherrack":65,"emerald_tools:copper_sword":77,"minecraft:torch":115,"minecraft:dirt":218,"minecraft:spyglass":4,"croptopia:blueberry":4,"croptopia:elderberry":1,"croptopia:raspberry":1,"minecraft:granite":35,"emerald_tools:copper_hammer":244,"emerald_tools:diamond_hammer":607,"minecraft:smooth_basalt":2,"croptopia:strawberry":1,"minecraft:cooked_beef":45,"minecraft:cobbled_deepslate":49,"minecraft:pointed_dripstone":1,"minecraft:calcite":4,"croptopia:grape":1,"minecraft:cooked_mutton":28,"minecraft:water_bucket":58,"minecraft:amethyst_block":3,"minecraft:stonecutter":1,"minecraft:deepslate_bricks":229,"minecraft:rail":25,"minecraft:crafting_table":22,"minecraft:white_bed":7,"emerald_tools:copper_helmet":1,"minecraft:smoker":4,"emerald_tools:copper_leggings":1,"minecraft:oak_log":1,"emerald_tools:diamond_paxel":1010,"minecraft:cornflower":1,"minecraft:apple":5,"minecraft:wind_charge":6,"minecraft:iron_pickaxe":499,"minecraft:spruce_trapdoor":2,"minecraft:stone_axe":138,"emerald_tools:steel_sword":200,"minecraft:cobblestone":33,"minecraft:cooked_porkchop":29,"minecraft:bucket":70,"minecraft:dandelion":10},"minecraft:mined":{"croptopia:cantaloupe_crop":1,"minecraft:large_amethyst_bud":2,"minecraft:white_bed":6,"croptopia:grape_crop":1,"croptopia:strawberry_crop":2,"minecraft:granite":43,"minecraft:grass_block":79,"minecraft:jungle_log":9,"minecraft:cracked_polished_blackstone_bricks":83,"minecraft:deepslate_bricks":26,"minecraft:spawner":2,"minecraft:polished_blackstone_bricks":185,"minecraft:magma_block":18,"minecraft:raw_iron_block":1,"croptopia:cherry_crop":1,"minecraft:iron_ore":38,"minecraft:cobbled_deepslate":2,"minecraft:azure_bluet":1,"minecraft:dirt_path":1,"minecraft:deepslate_brick_stairs":19,"minecraft:deepslate_redstone_ore":10,"croptopia:starfruit_crop":2,"minecraft:blackstone":35,"minecraft:smoker":2,"minecraft:amethyst_cluster":2,"minecraft:torch":1,"minecraft:blast_furnace":4,"croptopia:cinnamon_log":11,"minecraft:calcite":4,"minecraft:melon":9,"croptopia:raspberry_crop":1,"minecraft:glass":5,"minecraft:cobblestone":5,"minecraft:sugar_cane":2,"minecraft:oak_planks":3,"minecraft:wall_torch":11,"minecraft:amethyst_block":3,"croptopia:nectarine_crop":1,"minecraft:birch_log":52,"minecraft:wheat":1,"croptopia:pear_crop":1,"croptopia:avocado_crop":2,"minecraft:oak_log":103,"minecraft:sand":7,"minecraft:dirt":315,"minecraft:smooth_basalt":2,"minecraft:netherrack":381,"minecraft:oak_leaves":28,"minecraft:deepslate":137,"minecraft:deepslate_tiles":26,"minecraft:tuff":13,"croptopia:orange_crop":1,"minecraft:deepslate_diamond_ore":78,"croptopia:kale_crop":1,"minecraft:decorated_pot":1,"minecraft:spruce_leaves":13,"minecraft:furnace":14,"minecraft:carrots":4,"croptopia:blueberry_crop":4,"minecraft:andesite":15,"minecraft:potatoes":45,"minecraft:deepslate_iron_ore":115,"minecraft:rail":1,"croptopia:elderberry_crop":1,"minecraft:stone":155,"croptopia:coconut_crop":1,"minecraft:podzol":1,"minecraft:dandelion":9,"minecraft:oak_fence":1,"minecraft:crafting_table":19,"minecraft:short_grass":45,"minecraft:tall_grass":19,"minecraft:copper_ore":21,"minecraft:deepslate_gold_ore":9,"minecraft:diorite":91,"minecraft:spruce_log":59,"croptopia:tomato_crop":1,"minecraft:coal_ore":84,"croptopia:radish_crop":1,"minecraft:gravel":82,"minecraft:dripstone_block":1,"minecraft:cobweb":92,"minecraft:fern":3},"minecraft:dropped":{"emerald_tools:steel_boots":1,"minecraft:birch_planks":2,"minecraft:cooked_beef":1,"minecraft:glow_ink_sac":1,"croptopia:elderberry_seed":1,"minecraft:leather":1,"minecraft:rail":1,"minecraft:flint":4,"croptopia:tomato_seed":1,"minecraft:cracked_polished_blackstone_bricks":1,"minecraft:dirt":132,"emerald_tools:copper_helmet":2,"minecraft:snowball":5,"minecraft:polished_blackstone_bricks":5,"minecraft:birch_log":10,"minecraft:white_wool":3,"croptopia:cantaloupe_seed":1,"minecraft:bone":23,"minecraft:gravel":187,"minecraft:stone_axe":3,"minecraft:cobbled_deepslate":2236,"minecraft:birch_sapling":8,"minecraft:pointed_dripstone":1,"minecraft:rotten_flesh":18,"universal_graves:grave_compass":1,"minecraft:oak_planks":11,"croptopia:strawberry_seed":4,"emerald_tools:copper_leggings":2,"minecraft:white_bed":1,"croptopia:blueberry_seed":5,"minecraft:poppy":1,"minecraft:gunpowder":2,"minecraft:lingering_potion":5,"minecraft:spruce_slab":4,"minecraft:arrow":8,"minecraft:stone_brick_stairs":1,"minecraft:netherrack":192,"minecraft:wheat_seeds":3,"minecraft:lilac":2,"emerald_tools:copper_paxel":1,"minecraft:dripstone_block":1,"minecraft:oak_fence":1,"minecraft:feather":24,"minecraft:cobblestone":638,"minecraft:granite":103,"minecraft:copper_ingot":1,"emerald_tools:copper_axe":1,"minecraft:stick":1,"minecraft:oxeye_daisy":1,"minecraft:deepslate_brick_stairs":14,"minecraft:diorite":39,"croptopia:grape_seed":4,"minecraft:wooden_axe":1,"minecraft:string":54,"minecraft:dandelion":1,"minecraft:raw_copper":11,"croptopia:strawberry":1,"minecraft:tuff":248,"emerald_tools:copper_sword":1,"croptopia:raspberry_seed":1,"minecraft:iron_boots":1,"minecraft:smoker":1,"croptopia:cherry":1,"croptopia:radish_seed":1,"minecraft:blast_furnace":1,"minecraft:shield":1,"minecraft:diamond_chestplate":1,"minecraft:andesite":3,"minecraft:oak_sapling":22,"emerald_tools:copper_boots":2,"minecraft:spider_eye":1,"minecraft:diamond_boots":1,"minecraft:stone_pickaxe":2,"minecraft:wooden_pickaxe":3,"emerald_tools:copper_chestplate":2,"minecraft:black_wool":1,"emerald_tools:copper_pickaxe":1},"minecraft:picked_up":{"minecraft:wooden_axe":1,"minecraft:wheat":1,"croptopia:cinnamon_log":11,"croptopia:grape_seed":4,"croptopia:kale":1,"croptopia:calamari":1,"minecraft:stone_brick_stairs":1,"minecraft:amethyst_block":3,"minecraft:string":94,"croptopia:cantaloupe":1,"minecraft:raw_copper":482,"minecraft:deepslate_tiles":29,"minecraft:cobbled_deepslate":3569,"minecraft:trial_key":5,"minecraft:calcite":4,"emerald_tools:copper_paxel":1,"croptopia:blueberry":4,"minecraft:melon_slice":39,"minecraft:furnace":15,"minecraft:tipped_arrow":6,"minecraft:stick":50,"minecraft:oak_fence":1,"minecraft:torch":18,"minecraft:porkchop":54,"minecraft:pointed_dripstone":2,"minecraft:diorite":201,"minecraft:honey_bottle":2,"minecraft:rotten_flesh":21,"croptopia:raspberry_seed":1,"croptopia:elderberry":1,"minecraft:deepslate_brick_stairs":19,"minecraft:cobblestone":1159,"minecraft:birch_log":53,"minecraft:cooked_beef":1,"minecraft:feather":24,"croptopia:radish":1,"minecraft:lilac":2,"croptopia:nectarine":1,"minecraft:andesite":15,"minecraft:jungle_log":9,"minecraft:smoker":3,"minecraft:potato":162,"minecraft:flint":27,"minecraft:tuff":249,"croptopia:blueberry_seed":5,"minecraft:dirt":467,"minecraft:bone":32,"minecraft:wheat_seeds":13,"minecraft:raw_gold":11,"minecraft:bolt_armor_trim_smithing_template":1,"croptopia:kale_seed":2,"minecraft:oak_planks":12,"minecraft:sand":124,"minecraft:ink_sac":1,"minecraft:jungle_leaves":112,"croptopia:cherry":1,"minecraft:diamond":111,"minecraft:spruce_boat":2,"minecraft:breeze_rod":5,"croptopia:radish_seed":1,"minecraft:cracked_polished_blackstone_bricks":77,"minecraft:granite":169,"minecraft:bone_meal":3,"minecraft:bread":3,"minecraft:emerald":10,"minecraft:oak_sapling":40,"minecraft:netherrack":342,"minecraft:crafting_table":19,"minecraft:ominous_bottle":1,"minecraft:chicken":20,"minecraft:wooden_pickaxe":1,"minecraft:brick":4,"minecraft:shield":2,"minecraft:wind_charge":2,"minecraft:cornflower":1,"minecraft:blackstone":34,"croptopia:pear":14,"croptopia:tomato_seed":1,"croptopia:avocado":2,"minecraft:beef":82,"croptopia:coconut":7,"minecraft:poppy":1,"minecraft:sugar_cane":7,"minecraft:birch_sapling":17,"minecraft:egg":8,"minecraft:raw_iron":188,"minecraft:copper_ingot":2,"minecraft:polished_blackstone_bricks":169,"minecraft:carrot":16,"minecraft:redstone":66,"croptopia:strawberry":2,"croptopia:grape":1,"croptopia:cantaloupe_seed":1,"minecraft:arrow":31,"minecraft:diamond_chestplate":1,"croptopia:strawberry_seed":4,"minecraft:deepslate_bricks":94,"minecraft:diamond_boots":1,"minecraft:mutton":33,"minecraft:rail":2,"minecraft:white_wool":20,"minecraft:oxeye_daisy":1,"minecraft:golden_carrot":2,"minecraft:glow_ink_sac":1,"minecraft:leather":42,"croptopia:glowing_calamari":1,"minecraft:oak_log":100,"minecraft:gunpowder":2,"minecraft:apple":14,"croptopia:raspberry":1,"minecraft:iron_ingot":5,"minecraft:cooked_chicken":1,"croptopia:tomato":1,"croptopia:elderberry_seed":1,"minecraft:smooth_basalt":2,"croptopia:starfruit":8,"minecraft:dandelion":11,"minecraft:dripstone_block":1,"minecraft:raw_iron_block":1,"minecraft:gravel":195,"minecraft:amethyst_shard":4,"minecraft:spruce_sapling":18,"minecraft:blast_furnace":5,"minecraft:white_bed":6,"minecraft:spruce_log":54,"minecraft:spider_eye":1,"minecraft:slime_ball":62,"minecraft:stone_axe":1,"croptopia:orange":1,"minecraft:gray_wool":2,"minecraft:black_wool":1,"minecraft:coal":176,"minecraft:ender_pearl":1}},"DataVersion":3953}