{"stats":{"minecraft:mined":{"minecraft:large_amethyst_bud":1,"croptopia:pepper_crop":1,"minecraft:cherry_log":151,"croptopia:strawberry_crop":1,"croptopia:lime_crop":16,"minecraft:grass_block":12,"minecraft:cracked_polished_blackstone_bricks":62,"minecraft:soul_soil":7,"minecraft:tuff_bricks":2,"minecraft:spawner":4,"minecraft:polished_blackstone_bricks":158,"croptopia:cherry_crop":5,"minecraft:cobbled_deepslate":2,"croptopia:apple_crop":37,"minecraft:orange_bed":8,"minecraft:blackstone":30,"minecraft:soul_fire":2,"minecraft:calcite":5,"minecraft:chest":2,"croptopia:raspberry_crop":2,"croptopia:broccoli_crop":1,"minecraft:cobblestone":6,"minecraft:oak_planks":7,"minecraft:amethyst_block":5,"minecraft:pink_petals":34,"croptopia:nectarine_crop":3,"croptopia:cauliflower_crop":1,"minecraft:birch_log":7,"minecraft:wheat":2,"croptopia:tomatillo_crop":1,"croptopia:pear_crop":11,"croptopia:avocado_crop":9,"croptopia:apricot_crop":7,"croptopia:chile_pepper_crop":2,"minecraft:oak_log":111,"minecraft:sand":8,"minecraft:dirt":7,"minecraft:smooth_basalt":2,"minecraft:netherrack":205,"minecraft:oak_leaves":9,"minecraft:deepslate":151,"minecraft:tuff":1,"croptopia:orange_crop":7,"minecraft:deepslate_diamond_ore":10,"croptopia:kale_crop":1,"minecraft:cherry_sapling":1,"croptopia:persimmon_crop":9,"minecraft:spruce_leaves":3,"minecraft:hay_block":27,"croptopia:barley_crop":3,"minecraft:waxed_oxidized_cut_copper":2,"minecraft:polished_basalt":1,"minecraft:andesite":8,"croptopia:peach_crop":4,"minecraft:gold_block":2,"minecraft:potatoes":11,"minecraft:deepslate_iron_ore":9,"croptopia:cashew_crop":16,"minecraft:stone":9,"minecraft:snow_block":4,"minecraft:basalt":2,"croptopia:sweetpotato_crop":1,"minecraft:crafting_table":1,"minecraft:short_grass":29,"minecraft:stone_slab":2,"croptopia:lemon_crop":15,"minecraft:polished_blackstone_brick_stairs":1,"minecraft:diorite":5,"minecraft:birch_leaves":7,"croptopia:tomato_crop":2,"minecraft:sunflower":1,"minecraft:gravel":10,"minecraft:cobweb":36,"minecraft:cracked_stone_bricks":1},"minecraft:crafted":{"minecraft:oak_planks":244,"emerald_tools:iron_excavator":1,"minecraft:birch_boat":1,"minecraft:cherry_boat":1,"croptopia:avocado_sapling":1,"minecraft:diamond_helmet":1,"minecraft:diamond_leggings":1,"minecraft:chest":7,"minecraft:smoker":1,"minecraft:golden_boots":1,"minecraft:crafting_table":9,"minecraft:wooden_pickaxe":1,"minecraft:birch_planks":28,"croptopia:cherry_sapling":1,"minecraft:iron_chestplate":1,"minecraft:charcoal":2,"minecraft:stick":32,"minecraft:iron_ingot":8,"minecraft:iron_pickaxe":3,"minecraft:stone_sword":1,"minecraft:black_bed":1,"croptopia:pear_sapling":1,"handcrafted:cherry_corner_trim":4,"minecraft:cherry_planks":188,"croptopia:apple_sapling":2,"minecraft:stone_shovel":1,"minecraft:furnace":3,"handcrafted:cherry_pillar_trim":4,"minecraft:bone_meal":63,"croptopia:peach_sapling":1,"croptopia:lemon_sapling":1,"minecraft:iron_axe":1,"minecraft:stone_pickaxe":2,"minecraft:diamond_boots":1,"minecraft:wheat":243,"croptopia:orange_sapling":3,"emerald_tools:iron_hammer":2,"minecraft:stone_axe":1,"minecraft:bread":81,"minecraft:air":0,"minecraft:oak_boat":2,"minecraft:oak_chest_boat":1,"handcrafted:hammer":1,"minecraft:iron_shovel":1,"minecraft:torch":32},"minecraft:dropped":{"minecraft:iron_sword":1,"minecraft:lapis_lazuli":11,"minecraft:oak_log":2,"emerald_tools:iron_excavator":1,"minecraft:crafting_table":1,"croptopia:tomato_seed":2,"minecraft:sand":3,"minecraft:iron_pickaxe":1,"minecraft:bone":2,"minecraft:gravel":2,"minecraft:stone_axe":1,"minecraft:cobbled_deepslate":1064,"minecraft:cherry_sapling":1,"universal_graves:grave_compass":2,"minecraft:oak_planks":112,"minecraft:chest":1,"minecraft:arrow":8,"croptopia:persimmon":1,"minecraft:bread":31,"minecraft:wheat_seeds":3,"minecraft:cobblestone":7,"croptopia:raspberry":2,"minecraft:music_disc_pigstep":1,"minecraft:mushroom_stew":2,"minecraft:golden_carrot":12,"minecraft:cherry_planks":3,"croptopia:cauliflower_seed":2,"minecraft:stone_sword":2,"minecraft:bowl":1,"minecraft:tuff":67,"minecraft:raw_iron":3,"croptopia:raspberry_seed":3,"minecraft:filled_map":1,"minecraft:trial_key":1,"minecraft:iron_chestplate":1,"minecraft:andesite":8,"minecraft:oak_boat":1,"minecraft:waxed_oxidized_cut_copper":2,"minecraft:bow":1,"minecraft:stone_pickaxe":1,"minecraft:wooden_pickaxe":1},"minecraft:used":{"croptopia:avocado_sapling":1,"minecraft:tuff_bricks":2,"minecraft:cherry_sapling":63,"minecraft:iron_shovel":1,"minecraft:polished_basalt":1,"minecraft:chest":6,"handcrafted:cherry_pillar_trim":4,"minecraft:iron_sword":146,"minecraft:iron_chestplate":1,"minecraft:tuff":53,"minecraft:obsidian":7,"minecraft:bow":3,"minecraft:cooked_cod":10,"croptopia:lime":4,"minecraft:furnace":2,"minecraft:gold_block":1,"minecraft:egg":4,"croptopia:pear":4,"minecraft:oak_chest_boat":2,"minecraft:golden_boots":2,"croptopia:tomato":1,"minecraft:stone_pickaxe":152,"minecraft:oak_planks":17,"minecraft:blackstone":22,"minecraft:wooden_pickaxe":9,"emerald_tools:iron_hammer":146,"emerald_tools:iron_excavator":29,"minecraft:golden_apple":1,"minecraft:golden_hoe":27,"minecraft:sand":6,"minecraft:mushroom_stew":1,"minecraft:black_bed":1,"waystones:waystone":3,"croptopia:nectarine":2,"minecraft:bread":57,"minecraft:gravel":3,"handcrafted:cherry_corner_trim":4,"minecraft:andesite":4,"minecraft:oak_boat":3,"minecraft:bone_meal":15,"minecraft:cherry_boat":3,"minecraft:stone_sword":28,"minecraft:flint_and_steel":1,"minecraft:stone_shovel":8,"minecraft:netherrack":152,"minecraft:trial_key":2,"minecraft:orange_bed":8,"minecraft:torch":37,"minecraft:dirt":46,"minecraft:golden_shovel":15,"minecraft:iron_axe":174,"minecraft:polished_blackstone_brick_stairs":1,"minecraft:light_gray_wool":1,"croptopia:persimmon":8,"minecraft:basalt":1,"minecraft:golden_carrot":12,"minecraft:cobbled_deepslate":89,"croptopia:cherry_sapling":1,"minecraft:cherry_log":40,"minecraft:golden_axe":34,"minecraft:water_bucket":1,"croptopia:lemon":10,"croptopia:apricot":4,"minecraft:birch_boat":1,"minecraft:cherry_planks":7,"minecraft:polished_blackstone_bricks":110,"minecraft:crafting_table":9,"croptopia:apple_sapling":2,"minecraft:smoker":1,"minecraft:oak_log":1,"minecraft:apple":40,"minecraft:sunflower":1,"minecraft:cracked_polished_blackstone_bricks":18,"minecraft:iron_pickaxe":548,"croptopia:orange_sapling":3,"minecraft:golden_leggings":1,"minecraft:stone_axe":90,"croptopia:peach_sapling":1,"minecraft:cobblestone":2,"minecraft:cooked_porkchop":1,"minecraft:bucket":1,"croptopia:pear_sapling":1,"croptopia:lemon_sapling":1},"minecraft:killed":{"minecraft:spider":1,"minecraft:skeleton":2,"minecraft:chicken":1,"minecraft:piglin_brute":4,"minecraft:piglin":2,"minecraft:pig":8,"minecraft:sheep":6,"minecraft:zombie":2,"minecraft:cow":5,"minecraft:breeze":2},"minecraft:killed_by":{"minecraft:piglin_brute":4,"minecraft:zombie":1,"minecraft:skeleton":5},"minecraft:picked_up":{"minecraft:iron_chestplate":1,"croptopia:kale":1,"croptopia:broccoli":4,"minecraft:stone_slab":2,"minecraft:enchanted_book":1,"minecraft:gilded_blackstone":12,"minecraft:polished_blackstone_brick_stairs":1,"minecraft:string":23,"minecraft:soul_soil":6,"universal_graves:grave_compass":2,"minecraft:cherry_boat":2,"minecraft:cobbled_deepslate":1092,"minecraft:bucket":1,"minecraft:trial_key":3,"minecraft:tipped_arrow":7,"minecraft:stick":94,"croptopia:barley_seed":7,"minecraft:torch":6,"minecraft:porkchop":80,"minecraft:cherry_log":188,"minecraft:diorite":5,"minecraft:music_disc_pigstep":1,"minecraft:orange_bed":8,"minecraft:stone_sword":5,"croptopia:persimmon":21,"croptopia:raspberry_seed":12,"minecraft:polished_basalt":1,"minecraft:obsidian":10,"minecraft:cobblestone":21,"croptopia:cauliflower":4,"minecraft:birch_log":28,"minecraft:pink_petals":186,"croptopia:apple_sapling":3,"minecraft:magma_cream":6,"minecraft:cherry_planks":3,"croptopia:broccoli_seed":4,"croptopia:nectarine":2,"minecraft:water_bucket":1,"minecraft:andesite":12,"minecraft:potato":33,"minecraft:flint":1,"minecraft:tuff":88,"minecraft:lapis_lazuli":11,"minecraft:dirt":179,"minecraft:bone":3,"croptopia:sweetpotato":1,"minecraft:wheat_seeds":3,"croptopia:kale_seed":4,"minecraft:oak_planks":210,"croptopia:lime":36,"croptopia:chile_pepper_seed":2,"minecraft:sand":9,"minecraft:spectral_arrow":18,"croptopia:chile_pepper":2,"croptopia:cherry":20,"minecraft:snout_armor_trim_smithing_template":1,"minecraft:diamond":19,"waystones:waystone":3,"minecraft:cracked_polished_blackstone_bricks":57,"minecraft:crossbow":1,"minecraft:breeze_rod":4,"minecraft:golden_apple":1,"minecraft:golden_horse_armor":1,"minecraft:oak_sapling":49,"croptopia:cashew":32,"minecraft:netherrack":180,"minecraft:waxed_oxidized_cut_copper":2,"minecraft:crafting_table":2,"minecraft:chicken":3,"croptopia:peach":16,"croptopia:sweetpotato_seed":4,"minecraft:wooden_pickaxe":4,"minecraft:gold_block":10,"minecraft:brick":1,"minecraft:wind_charge":2,"minecraft:blackstone":25,"croptopia:pear":32,"minecraft:cracked_stone_bricks":1,"croptopia:avocado":36,"croptopia:tomato_seed":7,"minecraft:beef":10,"minecraft:oak_boat":3,"croptopia:pepper_seed":2,"minecraft:light_gray_wool":1,"minecraft:chest":4,"minecraft:egg":7,"minecraft:raw_iron":14,"minecraft:polished_blackstone_bricks":139,"croptopia:strawberry":1,"minecraft:stone_shovel":4,"minecraft:arrow":9,"minecraft:diamond_chestplate":1,"croptopia:strawberry_seed":4,"minecraft:golden_hoe":1,"minecraft:hay_block":27,"minecraft:oak_chest_boat":1,"minecraft:gold_ingot":15,"croptopia:pepper":1,"minecraft:tuff_bricks":2,"minecraft:mutton":28,"minecraft:white_wool":5,"minecraft:bone_block":7,"minecraft:basalt":1,"minecraft:leather":9,"minecraft:filled_map":1,"minecraft:mushroom_stew":3,"minecraft:oak_log":250,"minecraft:apple":71,"croptopia:barley":6,"minecraft:kelp":43,"minecraft:heart_of_the_sea":2,"minecraft:iron_ingot":4,"minecraft:stone_pickaxe":4,"croptopia:raspberry":8,"croptopia:tomato":5,"minecraft:iron_sword":3,"croptopia:cauliflower_seed":7,"croptopia:apricot":8,"minecraft:gravel":8,"croptopia:lemon":26,"minecraft:stone_axe":5,"croptopia:orange":24,"minecraft:cherry_sapling":64,"minecraft:black_wool":3,"minecraft:sunflower":1},"minecraft:custom":{"minecraft:interact_with_crafting_table":62,"minecraft:open_barrel":3,"minecraft:leave_game":1,"minecraft:time_since_death":26520,"minecraft:sprint_one_cm":777963,"minecraft:drop":73,"minecraft:play_time":301739,"minecraft:deaths":14,"minecraft:jump":7026,"minecraft:walk_on_water_one_cm":45885,"minecraft:interact_with_furnace":11,"minecraft:sleep_in_bed":9,"minecraft:waystone_activated":5,"minecraft:damage_dealt":5803,"minecraft:crouch_one_cm":73872,"minecraft:interact_with_smoker":3,"minecraft:inspect_dispenser":3,"minecraft:interact_with_smithing_table":1,"minecraft:mob_kills":35,"minecraft:climb_one_cm":1899,"minecraft:walk_one_cm":666539,"minecraft:sneak_time":20492,"minecraft:walk_under_water_one_cm":34512,"minecraft:boat_one_cm":942343,"minecraft:total_world_time":301739,"minecraft:time_since_rest":5124,"minecraft:damage_taken":8717,"minecraft:damage_absorbed":40,"minecraft:swim_one_cm":108001,"minecraft:fly_one_cm":1328652,"minecraft:open_chest":98,"minecraft:fall_one_cm":239604},"minecraft:broken":{"minecraft:golden_axe":1,"minecraft:iron_pickaxe":1}},"DataVersion":3953}