{
  "minecraft:recipes/decorations/crafting_table": {
    "criteria": {
      "unlock_right_away": "2024-06-20 02:57:57 +0000"
    },
    "done": true
  },
  "minecraft:adventure/adventuring_time": {
    "criteria": {
      "minecraft:flower_forest": "2024-06-20 06:15:14 +0000",
      "minecraft:old_growth_birch_forest": "2024-06-20 03:00:20 +0000",
      "minecraft:beach": "2024-06-20 03:26:20 +0000",
      "minecraft:dark_forest": "2024-06-20 05:47:09 +0000",
      "minecraft:forest": "2024-06-20 02:57:58 +0000",
      "minecraft:ocean": "2024-06-20 03:26:04 +0000",
      "minecraft:deep_ocean": "2024-06-20 03:55:18 +0000",
      "minecraft:river": "2024-06-20 03:26:27 +0000",
      "minecraft:swamp": "2024-06-20 04:00:23 +0000",
      "minecraft:birch_forest": "2024-06-20 03:58:45 +0000",
      "minecraft:windswept_savanna": "2024-06-20 03:30:50 +0000",
      "minecraft:plains": "2024-06-20 03:26:50 +0000"
    },
    "done": false
  },
  "croptopia:recipes/beef_jerky": {
    "criteria": {
      "has_salt": "2024-06-20 02:58:19 +0000"
    },
    "done": true
  },
  "croptopia:recipes/sushi": {
    "criteria": {
      "has_rice": "2024-06-20 02:58:19 +0000"
    },
    "done": true
  },
  "croptopia:recipes/spaghetti_squash": {
    "criteria": {
      "has_squash": "2024-06-20 02:58:19 +0000"
    },
    "done": true
  },
  "croptopia:recipes/veggie_salad": {
    "criteria": {
      "has_cucumber": "2024-06-20 02:58:19 +0000"
    },
    "done": true
  },
  "croptopia:recipes/chocolate": {
    "criteria": {
      "has_butter": "2024-06-20 02:58:19 +0000"
    },
    "done": true
  },
  "croptopia:recipes/shaped_kiwi_sorbet": {
    "criteria": {
      "has_kiwi": "2024-06-20 02:58:19 +0000"
    },
    "done": true
  },
  "croptopia:recipes/pork_and_beans": {
    "criteria": {
      "has_beans": "2024-06-20 02:58:19 +0000"
    },
    "done": true
  },
  "croptopia:recipes/candy_corn": {
    "criteria": {
      "has_corn": "2024-06-20 02:58:19 +0000",
      "has_the_recipe": "2024-06-20 02:58:19 +0000"
    },
    "done": true
  },
  "croptopia:recipes/pork_jerky": {
    "criteria": {
      "has_the_recipe": "2024-06-20 02:58:19 +0000",
      "has_salt": "2024-06-20 02:58:19 +0000"
    },
    "done": true
  },
  "croptopia:recipes/shaped_roasted_asparagus": {
    "criteria": {
      "has_olive_oil": "2024-06-20 02:58:19 +0000",
      "has_asparagus": "2024-06-20 02:58:19 +0000"
    },
    "done": true
  },
  "croptopia:knife": {
    "criteria": {
      "knife": "2024-06-20 02:58:19 +0000"
    },
    "done": true
  },
  "croptopia:recipes/shaped_fish_and_chips": {
    "criteria": {
      "has_flour": "2024-06-20 02:58:19 +0000"
    },
    "done": true
  },
  "croptopia:recipes/fajitas": {
    "criteria": {
      "has_bellpepper": "2024-06-20 02:58:19 +0000"
    },
    "done": true
  },
  "croptopia:recipes/stuffed_poblanos": {
    "criteria": {
      "has_corn": "2024-06-20 02:58:19 +0000",
      "has_beans": "2024-06-20 02:58:19 +0000",
      "has_beef": "2024-06-20 02:58:19 +0000"
    },
    "done": true
  },
  "croptopia:getsapling": {
    "criteria": {
      "has_sapling": "2024-06-20 02:58:19 +0000"
    },
    "done": true
  },
  "croptopia:recipes/almond_brittle": {
    "criteria": {
      "has_almond": "2024-06-20 02:58:19 +0000"
    },
    "done": true
  },
  "croptopia:recipes/pepperoni": {
    "criteria": {
      "has_pepper": "2024-06-20 02:58:19 +0000"
    },
    "done": true
  },
  "croptopia:recipes/pizza": {
    "criteria": {
      "has_dough": "2024-06-20 02:58:19 +0000"
    },
    "done": true
  },
  "croptopia:recipes/food/beef_jerky": {
    "criteria": {
      "has_the_recipe": "2024-06-20 02:58:19 +0000"
    },
    "done": true
  },
  "croptopia:recipes/shaped_roasted_radishes": {
    "criteria": {
      "has_olive_oil": "2024-06-20 02:58:19 +0000",
      "has_radish": "2024-06-20 02:58:19 +0000"
    },
    "done": true
  },
  "croptopia:recipes/burrito": {
    "criteria": {
      "has_beans": "2024-06-20 02:58:19 +0000",
      "has_tortilla": "2024-06-20 02:58:19 +0000",
      "has_the_recipe": "2024-06-20 02:58:19 +0000"
    },
    "done": true
  },
  "croptopia:recipes/soy_milk": {
    "criteria": {
      "has_soybean": "2024-06-20 02:58:19 +0000"
    },
    "done": true
  },
  "croptopia:recipes/carnitas": {
    "criteria": {
      "has_tortilla": "2024-06-20 02:58:19 +0000"
    },
    "done": true
  },
  "croptopia:recipes/olive_oil": {
    "criteria": {
      "has_olives": "2024-06-20 02:58:19 +0000"
    },
    "done": true
  },
  "croptopia:recipes/brownies": {
    "criteria": {
      "has_chocolate": "2024-06-20 02:58:19 +0000"
    },
    "done": true
  },
  "croptopia:recipes/campfire_raisins": {
    "criteria": {
      "has_grapes": "2024-06-20 02:58:19 +0000"
    },
    "done": true
  },
  "croptopia:recipes/shaped_tea": {
    "criteria": {
      "has_tea_seed": "2024-06-20 02:58:19 +0000"
    },
    "done": true
  },
  "croptopia:recipes/leafy_salad": {
    "criteria": {
      "has_kale": "2024-06-20 02:58:19 +0000",
      "has_lettuce": "2024-06-20 02:58:19 +0000",
      "has_spinach": "2024-06-20 02:58:19 +0000"
    },
    "done": true
  },
  "croptopia:recipes/dough": {
    "criteria": {
      "has_flour": "2024-06-20 02:58:19 +0000"
    },
    "done": true
  },
  "croptopia:recipes/shaped_cheesy_asparagus": {
    "criteria": {
      "has_asparagus": "2024-06-20 02:58:19 +0000"
    },
    "done": true
  },
  "croptopia:recipes/rum": {
    "criteria": {
      "has_molasses": "2024-06-20 02:58:19 +0000"
    },
    "done": true
  },
  "croptopia:recipes/shaped_figgy_pudding": {
    "criteria": {
      "has_fig": "2024-06-20 02:58:19 +0000",
      "has_date": "2024-06-20 02:58:19 +0000"
    },
    "done": true
  },
  "croptopia:recipes/limeade": {
    "criteria": {
      "has_lime": "2024-06-20 02:58:19 +0000"
    },
    "done": true
  },
  "croptopia:recipes/shaped_roasted_squash": {
    "criteria": {
      "has_olive_oil": "2024-06-20 02:58:19 +0000",
      "has_squash": "2024-06-20 02:58:19 +0000"
    },
    "done": true
  },
  "croptopia:recipes/raisin_oatmeal_cookie": {
    "criteria": {
      "has_raisins": "2024-06-20 02:58:19 +0000"
    },
    "done": true
  },
  "croptopia:recipes/shaped_shepherds_pie": {
    "criteria": {
      "has_corn": "2024-06-20 02:58:19 +0000"
    },
    "done": true
  },
  "croptopia:recipes/chocolate_milkshake": {
    "criteria": {
      "has_chocolate": "2024-06-20 02:58:19 +0000"
    },
    "done": true
  },
  "croptopia:recipes/saucy_chips": {
    "criteria": {
      "has_sauce": "2024-06-20 02:58:19 +0000"
    },
    "done": true
  },
  "croptopia:recipes/tofu": {
    "criteria": {
      "has_soybean": "2024-06-20 02:58:19 +0000"
    },
    "done": true
  },
  "croptopia:recipes/tofuburger": {
    "criteria": {
      "has_tofu": "2024-06-20 02:58:19 +0000"
    },
    "done": true
  },
  "croptopia:recipes/fruit_smoothie": {
    "criteria": {
      "has_milk": "2024-06-20 02:58:19 +0000",
      "has_fruit": "2024-06-20 02:58:19 +0000"
    },
    "done": true
  },
  "croptopia:recipes/coffee": {
    "criteria": {
      "has_coffee": "2024-06-20 02:58:19 +0000"
    },
    "done": true
  },
  "croptopia:recipes/mango_ice_cream": {
    "criteria": {
      "has_mango": "2024-06-20 02:58:19 +0000"
    },
    "done": true
  },
  "croptopia:recipes/cheeseburger": {
    "criteria": {
      "has_beef": "2024-06-20 02:58:19 +0000"
    },
    "done": true
  },
  "croptopia:recipes/buttered_toast": {
    "criteria": {
      "has_butter": "2024-06-20 02:58:19 +0000",
      "has_toast": "2024-06-20 02:58:19 +0000"
    },
    "done": true
  },
  "croptopia:recipes/nutty_cookie": {
    "criteria": {
      "has_nuts": "2024-06-20 02:58:19 +0000",
      "has_the_recipe": "2024-06-20 02:58:19 +0000"
    },
    "done": true
  },
  "croptopia:recipes/horchata": {
    "criteria": {
      "has_almond": "2024-06-20 02:58:19 +0000"
    },
    "done": true
  },
  "croptopia:recipes/shaped_scones": {
    "criteria": {
      "has_vanilla": "2024-06-20 02:58:19 +0000"
    },
    "done": true
  },
  "croptopia:recipes/shaped_steamed_green_beans": {
    "criteria": {
      "has_green_beans": "2024-06-20 02:58:19 +0000"
    },
    "done": true
  },
  "croptopia:recipes/rum_raisin_ice_cream": {
    "criteria": {
      "has_raisin": "2024-06-20 02:58:19 +0000",
      "has_rum": "2024-06-20 02:58:19 +0000"
    },
    "done": true
  },
  "croptopia:recipes/doughnut": {
    "criteria": {
      "has_milk": "2024-06-20 02:58:19 +0000",
      "has_flour": "2024-06-20 02:58:19 +0000"
    },
    "done": true
  },
  "croptopia:recipes/toast_with_jam": {
    "criteria": {
      "has_toast": "2024-06-20 02:58:19 +0000",
      "has_jam": "2024-06-20 02:58:19 +0000"
    },
    "done": true
  },
  "croptopia:recipes/enchilada": {
    "criteria": {
      "has_tortilla": "2024-06-20 02:58:19 +0000"
    },
    "done": true
  },
  "croptopia:recipes/kale_chips": {
    "criteria": {
      "has_kale": "2024-06-20 02:58:19 +0000"
    },
    "done": true
  },
  "croptopia:recipes/chilli_relleno": {
    "criteria": {
      "has_flour": "2024-06-20 02:58:19 +0000"
    },
    "done": true
  },
  "croptopia:recipes/shaped_beef_stir_fry": {
    "criteria": {
      "has_broccoli": "2024-06-20 02:58:19 +0000"
    },
    "done": true
  },
  "croptopia:recipes/oatmeal": {
    "criteria": {
      "has_milk": "2024-06-20 02:58:19 +0000",
      "has_oats": "2024-06-20 02:58:19 +0000"
    },
    "done": true
  },
  "croptopia:recipes/shaped_fruit_cake": {
    "criteria": {
      "has_nutmeg": "2024-06-20 02:58:19 +0000"
    },
    "done": true
  },
  "croptopia:recipes/shaped_grilled_eggplant": {
    "criteria": {
      "has_olive_oil": "2024-06-20 02:58:19 +0000",
      "has_eggplant": "2024-06-20 02:58:19 +0000"
    },
    "done": true
  },
  "croptopia:recipes/shaped_lemon_coconut_bar": {
    "criteria": {
      "has_coconut": "2024-06-20 02:58:19 +0000",
      "has_lemon": "2024-06-20 02:58:19 +0000"
    },
    "done": true
  },
  "croptopia:recipes/food/pork_jerky": {
    "criteria": {
      "has_the_recipe": "2024-06-20 02:58:19 +0000"
    },
    "done": true
  },
  "croptopia:recipes/shaped_chocolate_ice_cream": {
    "criteria": {
      "has_chocolate": "2024-06-20 02:58:19 +0000"
    },
    "done": true
  },
  "croptopia:recipes/campfire_baked_yam": {
    "criteria": {
      "has_yam": "2024-06-20 02:58:19 +0000"
    },
    "done": true
  },
  "croptopia:recipes/shaped_sticky_toffee_pudding": {
    "criteria": {
      "has_vanilla": "2024-06-20 02:58:19 +0000",
      "has_date": "2024-06-20 02:58:19 +0000"
    },
    "done": true
  },
  "croptopia:recipes/chicken_and_rice": {
    "criteria": {
      "has_chicken": "2024-06-20 02:58:19 +0000",
      "has_rice": "2024-06-20 02:58:19 +0000"
    },
    "done": true
  },
  "croptopia:recipes/salsa": {
    "criteria": {
      "has_lime": "2024-06-20 02:58:19 +0000"
    },
    "done": true
  },
  "croptopia:recipes/lemon_chicken": {
    "criteria": {
      "has_lemon": "2024-06-20 02:58:19 +0000"
    },
    "done": true
  },
  "croptopia:recipes/banana_nut_bread": {
    "criteria": {
      "has_banana": "2024-06-20 02:58:19 +0000"
    },
    "done": true
  },
  "croptopia:recipes/campfire_popcorn": {
    "criteria": {
      "has_corn": "2024-06-20 02:58:19 +0000"
    },
    "done": true
  },
  "croptopia:recipes/crema": {
    "criteria": {
      "has_milk": "2024-06-20 02:58:19 +0000",
      "has_lime": "2024-06-20 02:58:19 +0000",
      "has_salt": "2024-06-20 02:58:19 +0000"
    },
    "done": true
  },
  "croptopia:recipes/roasted_nuts_from_campfire": {
    "criteria": {
      "has_nut": "2024-06-20 02:58:19 +0000"
    },
    "done": true
  },
  "croptopia:recipes/cucumber_salad": {
    "criteria": {
      "has_lettuce": "2024-06-20 02:58:19 +0000",
      "has_cucumber": "2024-06-20 02:58:19 +0000",
      "has_the_recipe": "2024-06-20 02:58:19 +0000"
    },
    "done": true
  },
  "croptopia:recipes/whipping_cream": {
    "criteria": {
      "has_vanilla": "2024-06-20 02:58:19 +0000"
    },
    "done": true
  },
  "croptopia:recipes/lemonade": {
    "criteria": {
      "has_lemon": "2024-06-20 02:58:19 +0000"
    },
    "done": true
  },
  "croptopia:recipes/beer": {
    "criteria": {
      "has_hops": "2024-06-20 02:58:19 +0000"
    },
    "done": true
  },
  "croptopia:recipes/egg_roll": {
    "criteria": {
      "has_dough": "2024-06-20 02:58:19 +0000"
    },
    "done": true
  },
  "croptopia:recipes/roasted_nuts": {
    "criteria": {
      "has_nut": "2024-06-20 02:58:19 +0000"
    },
    "done": true
  },
  "croptopia:recipes/tostada": {
    "criteria": {
      "has_beans": "2024-06-20 02:58:19 +0000",
      "has_tortilla": "2024-06-20 02:58:19 +0000"
    },
    "done": true
  },
  "croptopia:recipes/noodles": {
    "criteria": {
      "has_flour": "2024-06-20 02:58:19 +0000"
    },
    "done": true
  },
  "croptopia:recipes/kale_smoothie": {
    "criteria": {
      "has_kale": "2024-06-20 02:58:19 +0000"
    },
    "done": true
  },
  "croptopia:recipes/shaped_stuffed_artichoke": {
    "criteria": {
      "has_artichokes": "2024-06-20 02:58:19 +0000"
    },
    "done": true
  },
  "croptopia:recipes/misc/mango_ice_cream": {
    "criteria": {
      "has_the_recipe": "2024-06-20 02:58:19 +0000"
    },
    "done": true
  },
  "croptopia:recipes/shaped_ratatouille": {
    "criteria": {
      "has_squash": "2024-06-20 02:58:19 +0000",
      "has_eggplant": "2024-06-20 02:58:19 +0000"
    },
    "done": true
  },
  "croptopia:recipes/protein_bar": {
    "criteria": {
      "has_chocolate": "2024-06-20 02:58:19 +0000",
      "has_caramel": "2024-06-20 02:58:19 +0000"
    },
    "done": true
  },
  "croptopia:recipes/soy_sauce": {
    "criteria": {
      "has_soybean": "2024-06-20 02:58:19 +0000"
    },
    "done": true
  },
  "croptopia:recipes/shaped_avocado_toast": {
    "criteria": {
      "has_avocado": "2024-06-20 02:58:19 +0000"
    },
    "done": true
  },
  "croptopia:recipes/shaped_roasted_turnips": {
    "criteria": {
      "has_olive_oil": "2024-06-20 02:58:19 +0000",
      "has_turnip": "2024-06-20 02:58:19 +0000"
    },
    "done": true
  },
  "minecraft:recipes/misc/charcoal": {
    "criteria": {
      "has_log": "2024-06-20 02:58:19 +0000"
    },
    "done": true
  },
  "croptopia:recipes/onion_rings": {
    "criteria": {
      "has_onions": "2024-06-20 02:58:19 +0000"
    },
    "done": true
  },
  "croptopia:recipes/leek_soup": {
    "criteria": {
      "has_leek": "2024-06-20 02:58:19 +0000"
    },
    "done": true
  },
  "croptopia:recipes/caesar_salad": {
    "criteria": {
      "has_olive": "2024-06-20 02:58:19 +0000",
      "has_lettuce": "2024-06-20 02:58:19 +0000"
    },
    "done": true
  },
  "croptopia:recipes/documentation": {
    "criteria": {
      "has_crop": "2024-06-20 02:58:19 +0000"
    },
    "done": true
  },
  "croptopia:recipes/scrambled_eggs": {
    "criteria": {
      "has_cheese": "2024-06-20 02:58:19 +0000"
    },
    "done": true
  },
  "croptopia:recipes/surpreme_pizza": {
    "criteria": {
      "has_olive": "2024-06-20 02:58:19 +0000"
    },
    "done": true
  },
  "croptopia:recipes/cashew_chicken": {
    "criteria": {
      "has_cashew": "2024-06-20 02:58:19 +0000"
    },
    "done": true
  },
  "croptopia:recipes/shaped_buttered_green_beans": {
    "criteria": {
      "has_greenbeans": "2024-06-20 02:58:19 +0000"
    },
    "done": true
  },
  "croptopia:recipes/taco": {
    "criteria": {
      "has_tortilla": "2024-06-20 02:58:19 +0000"
    },
    "done": true
  },
  "croptopia:recipes/corn_husk": {
    "criteria": {
      "has_corn": "2024-06-20 02:58:19 +0000"
    },
    "done": true
  },
  "croptopia:recipes/campfire_baked_sweet_potato": {
    "criteria": {
      "has_sweetpotato": "2024-06-20 02:58:19 +0000"
    },
    "done": true
  },
  "croptopia:recipes/quesadilla": {
    "criteria": {
      "has_avocado": "2024-06-20 02:58:19 +0000",
      "has_tortilla": "2024-06-20 02:58:19 +0000"
    },
    "done": true
  },
  "croptopia:recipes/fruit_salad": {
    "criteria": {
      "has_strawberry": "2024-06-20 02:58:19 +0000",
      "has_banana": "2024-06-20 02:58:19 +0000",
      "has_grapes": "2024-06-20 02:58:19 +0000"
    },
    "done": true
  },
  "croptopia:recipes/tofu_and_dumplings": {
    "criteria": {
      "has_tofu": "2024-06-20 02:58:19 +0000"
    },
    "done": true
  },
  "croptopia:recipes/chicken_and_dumplings": {
    "criteria": {
      "has_dough": "2024-06-20 02:58:19 +0000"
    },
    "done": true
  },
  "croptopia:recipes/artichoke_dip": {
    "criteria": {
      "has_artichoke": "2024-06-20 02:58:19 +0000"
    },
    "done": true
  },
  "croptopia:recipes/shaped_trifle": {
    "criteria": {
      "has_strawberry": "2024-06-20 02:58:19 +0000"
    },
    "done": true
  },
  "croptopia:recipes/banana_cream_pie": {
    "criteria": {
      "has_vanilla": "2024-06-20 02:58:19 +0000",
      "has_banana": "2024-06-20 02:58:19 +0000"
    },
    "done": true
  },
  "croptopia:recipes/roasted_smoking": {
    "criteria": {
      "has_nut": "2024-06-20 02:58:19 +0000"
    },
    "done": true
  },
  "croptopia:recipes/butter": {
    "criteria": {
      "has_milk": "2024-06-20 02:58:19 +0000",
      "has_salt": "2024-06-20 02:58:19 +0000"
    },
    "done": true
  },
  "croptopia:recipes/shaped_steamed_broccoli": {
    "criteria": {
      "has_broccoli": "2024-06-20 02:58:19 +0000"
    },
    "done": true
  },
  "croptopia:recipes/wine": {
    "criteria": {
      "has_grapes": "2024-06-20 02:58:19 +0000"
    },
    "done": true
  },
  "croptopia:getseeds": {
    "criteria": {
      "has_seeds": "2024-06-20 02:58:19 +0000"
    },
    "done": true
  },
  "croptopia:recipes/nougat": {
    "criteria": {
      "has_nuts": "2024-06-20 02:58:19 +0000"
    },
    "done": true
  },
  "minecraft:recipes/building_blocks/oak_planks": {
    "criteria": {
      "has_logs": "2024-06-20 02:58:19 +0000"
    },
    "done": true
  },
  "croptopia:recipes/steamed_rice": {
    "criteria": {
      "has_rice": "2024-06-20 02:58:19 +0000"
    },
    "done": true
  },
  "croptopia:root": {
    "criteria": {
      "root": "2024-06-20 02:58:19 +0000"
    },
    "done": true
  },
  "croptopia:recipes/ravioli": {
    "criteria": {
      "has_noodle": "2024-06-20 02:58:19 +0000",
      "has_cheese": "2024-06-20 02:58:19 +0000"
    },
    "done": true
  },
  "croptopia:recipes/grilled_cheese": {
    "criteria": {
      "has_cheese": "2024-06-20 02:58:19 +0000"
    },
    "done": true
  },
  "croptopia:recipes/cheese_pizza": {
    "criteria": {
      "has_dough": "2024-06-20 02:58:19 +0000"
    },
    "done": true
  },
  "croptopia:recipes/peanut_butter_and_jam": {
    "criteria": {
      "has_jam": "2024-06-20 02:58:19 +0000"
    },
    "done": true
  },
  "croptopia:recipes/chicken_and_noodles": {
    "criteria": {
      "has_chicken": "2024-06-20 02:58:19 +0000",
      "has_noodles": "2024-06-20 02:58:19 +0000"
    },
    "done": true
  },
  "croptopia:recipes/campfire_baked_beans": {
    "criteria": {
      "has_beans": "2024-06-20 02:58:19 +0000"
    },
    "done": true
  },
  "croptopia:recipes/fried_chicken": {
    "criteria": {
      "has_chicken": "2024-06-20 02:58:19 +0000"
    },
    "done": true
  },
  "croptopia:recipes/trail_mix": {
    "criteria": {
      "has_raisins": "2024-06-20 02:58:19 +0000",
      "has_nuts": "2024-06-20 02:58:19 +0000",
      "has_chocolate": "2024-06-20 02:58:19 +0000"
    },
    "done": true
  },
  "croptopia:recipes/yoghurt": {
    "criteria": {
      "has_strawberry": "2024-06-20 02:58:19 +0000"
    },
    "done": true
  },
  "croptopia:recipes/cheese": {
    "criteria": {
      "has_milk": "2024-06-20 02:58:19 +0000",
      "has_salt": "2024-06-20 02:58:19 +0000"
    },
    "done": true
  },
  "croptopia:recipes/flour": {
    "criteria": {
      "has_grain": "2024-06-20 02:58:19 +0000"
    },
    "done": true
  },
  "croptopia:recipes/pineapple_pepperoni_pizza": {
    "criteria": {
      "has_pineapple": "2024-06-20 02:58:19 +0000"
    },
    "done": true
  },
  "croptopia:recipes/churros": {
    "criteria": {
      "has_milk": "2024-06-20 02:58:19 +0000"
    },
    "done": true
  },
  "croptopia:recipes/shaped_eggplant_parmesan": {
    "criteria": {
      "has_eggplant": "2024-06-20 02:58:19 +0000",
      "has_basil": "2024-06-20 02:58:19 +0000"
    },
    "done": true
  },
  "croptopia:recipes/shaped_cornish_pasty": {
    "criteria": {
      "has_rutabaga": "2024-06-20 02:58:19 +0000"
    },
    "done": true
  },
  "croptopia:recipes/refried_beans": {
    "criteria": {
      "has_beans": "2024-06-20 02:58:19 +0000"
    },
    "done": true
  },
  "minecraft:recipes/building_blocks/oak_wood": {
    "criteria": {
      "has_log": "2024-06-20 02:58:19 +0000"
    },
    "done": true
  },
  "croptopia:recipes/paprika": {
    "criteria": {
      "has_chile_peppers": "2024-06-20 02:58:19 +0000"
    },
    "done": true
  },
  "croptopia:recipes/candied_nuts": {
    "criteria": {
      "has_nut": "2024-06-20 02:58:19 +0000"
    },
    "done": true
  },
  "croptopia:recipes/shaped_potato_soup": {
    "criteria": {
      "has_greenonion": "2024-06-20 02:58:19 +0000"
    },
    "done": true
  },
  "croptopia:recipes/shaped_stir_fry": {
    "criteria": {
      "has_broccoli": "2024-06-20 02:58:19 +0000"
    },
    "done": true
  },
  "croptopia:recipes/sweet_potato_fries": {
    "criteria": {
      "has_sweetpotatos": "2024-06-20 02:58:19 +0000"
    },
    "done": true
  },
  "croptopia:recipes/shaped_peanut_butter": {
    "criteria": {
      "has_peanuts": "2024-06-20 02:58:19 +0000"
    },
    "done": true
  },
  "croptopia:recipes/ham_sandwich": {
    "criteria": {
      "has_cheese": "2024-06-20 02:58:19 +0000"
    },
    "done": true
  },
  "croptopia:recipes/shaped_ajvar": {
    "criteria": {
      "has_bellpepper": "2024-06-20 02:58:19 +0000",
      "has_eggplant": "2024-06-20 02:58:19 +0000"
    },
    "done": true
  },
  "handcrafted:recipes/misc/oak_nightstand": {
    "criteria": {
      "has_oak_nightstand": "2024-06-20 02:58:27 +0000"
    },
    "done": true
  },
  "minecraft:recipes/decorations/oak_sign": {
    "criteria": {
      "has_planks": "2024-06-20 02:58:27 +0000"
    },
    "done": true
  },
  "handcrafted:recipes/misc/oak_fancy_bed": {
    "criteria": {
      "has_oak_fancy_bed": "2024-06-20 02:58:27 +0000"
    },
    "done": true
  },
  "minecraft:recipes/misc/stick": {
    "criteria": {
      "has_planks": "2024-06-20 02:58:27 +0000"
    },
    "done": true
  },
  "handcrafted:recipes/misc/oak_table": {
    "criteria": {
      "has_oak_table": "2024-06-20 02:58:27 +0000"
    },
    "done": true
  },
  "minecraft:recipes/building_blocks/oak_stairs": {
    "criteria": {
      "has_planks": "2024-06-20 02:58:27 +0000"
    },
    "done": true
  },
  "minecraft:recipes/decorations/oak_fence": {
    "criteria": {
      "has_planks": "2024-06-20 02:58:27 +0000"
    },
    "done": true
  },
  "handcrafted:recipes/misc/oak_drawer": {
    "criteria": {
      "has_oak_drawer": "2024-06-20 02:58:27 +0000"
    },
    "done": true
  },
  "handcrafted:recipes/misc/fox_trophy": {
    "criteria": {
      "has_fox_trophy": "2024-06-20 02:58:27 +0000"
    },
    "done": true
  },
  "handcrafted:recipes/misc/salmon_trophy": {
    "criteria": {
      "has_salmon_trophy": "2024-06-20 02:58:27 +0000"
    },
    "done": true
  },
  "handcrafted:recipes/misc/silverfish_trophy": {
    "criteria": {
      "has_silverfish_trophy": "2024-06-20 02:58:27 +0000"
    },
    "done": true
  },
  "minecraft:recipes/redstone/oak_button": {
    "criteria": {
      "has_planks": "2024-06-20 02:58:27 +0000"
    },
    "done": true
  },
  "handcrafted:recipes/misc/oak_shelf": {
    "criteria": {
      "has_oak_shelf": "2024-06-20 02:58:27 +0000"
    },
    "done": true
  },
  "handcrafted:recipes/misc/spider_trophy": {
    "criteria": {
      "has_spider_trophy": "2024-06-20 02:58:27 +0000"
    },
    "done": true
  },
  "handcrafted:recipes/misc/oak_pillar_trim": {
    "criteria": {
      "has_oak_pillar_trim": "2024-06-20 02:58:27 +0000"
    },
    "done": true
  },
  "handcrafted:recipes/misc/oak_chair": {
    "criteria": {
      "has_oak_chair": "2024-06-20 02:58:27 +0000"
    },
    "done": true
  },
  "handcrafted:recipes/misc/oak_dining_bench": {
    "criteria": {
      "has_oak_dining_bench": "2024-06-20 02:58:27 +0000"
    },
    "done": true
  },
  "minecraft:recipes/redstone/oak_fence_gate": {
    "criteria": {
      "has_planks": "2024-06-20 02:58:27 +0000"
    },
    "done": true
  },
  "handcrafted:recipes/misc/oak_desk": {
    "criteria": {
      "has_oak_desk": "2024-06-20 02:58:27 +0000"
    },
    "done": true
  },
  "minecraft:recipes/redstone/oak_pressure_plate": {
    "criteria": {
      "has_planks": "2024-06-20 02:58:27 +0000"
    },
    "done": true
  },
  "minecraft:recipes/redstone/oak_door": {
    "criteria": {
      "has_planks": "2024-06-20 02:58:27 +0000"
    },
    "done": true
  },
  "handcrafted:recipes/misc/goat_trophy": {
    "criteria": {
      "has_goat_trophy": "2024-06-20 02:58:27 +0000"
    },
    "done": true
  },
  "handcrafted:recipes/misc/oak_cupboard": {
    "criteria": {
      "has_oak_cupboard": "2024-06-20 02:58:27 +0000"
    },
    "done": true
  },
  "handcrafted:recipes/misc/oak_side_table": {
    "criteria": {
      "has_oak_side_table": "2024-06-20 02:58:27 +0000"
    },
    "done": true
  },
  "minecraft:recipes/decorations/barrel": {
    "criteria": {
      "has_planks": "2024-06-20 02:58:27 +0000"
    },
    "done": true
  },
  "handcrafted:recipes/misc/skeleton_horse_trophy": {
    "criteria": {
      "has_skeleton_horse_trophy": "2024-06-20 02:58:27 +0000"
    },
    "done": true
  },
  "handcrafted:recipes/misc/oak_counter": {
    "criteria": {
      "has_oak_counter": "2024-06-20 02:58:27 +0000"
    },
    "done": true
  },
  "handcrafted:recipes/misc/wolf_trophy": {
    "criteria": {
      "has_wolf_trophy": "2024-06-20 02:58:27 +0000"
    },
    "done": true
  },
  "minecraft:recipes/redstone/oak_trapdoor": {
    "criteria": {
      "has_planks": "2024-06-20 02:58:28 +0000"
    },
    "done": true
  },
  "handcrafted:recipes/misc/oak_corner_trim": {
    "criteria": {
      "has_oak_corner_trim": "2024-06-20 02:58:28 +0000"
    },
    "done": true
  },
  "handcrafted:recipes/misc/oak_bench": {
    "criteria": {
      "has_oak_bench": "2024-06-20 02:58:28 +0000"
    },
    "done": true
  },
  "handcrafted:recipes/misc/tropical_fish_trophy": {
    "criteria": {
      "has_tropical_fish_trophy": "2024-06-20 02:58:28 +0000"
    },
    "done": true
  },
  "handcrafted:recipes/misc/oak_couch": {
    "criteria": {
      "has_oak_couch": "2024-06-20 02:58:28 +0000"
    },
    "done": true
  },
  "handcrafted:recipes/misc/bear_trophy": {
    "criteria": {
      "has_bear_trophy": "2024-06-20 02:58:28 +0000"
    },
    "done": true
  },
  "handcrafted:recipes/misc/pufferfish_trophy": {
    "criteria": {
      "has_pufferfish_trophy": "2024-06-20 02:58:28 +0000"
    },
    "done": true
  },
  "minecraft:recipes/building_blocks/oak_slab": {
    "criteria": {
      "has_planks": "2024-06-20 02:58:28 +0000"
    },
    "done": true
  },
  "handcrafted:recipes/misc/blaze_trophy": {
    "criteria": {
      "has_blaze_trophy": "2024-06-20 02:58:28 +0000"
    },
    "done": true
  },
  "handcrafted:recipes/misc/wither_skeleton_trophy": {
    "criteria": {
      "has_wither_skeleton_trophy": "2024-06-20 02:58:28 +0000"
    },
    "done": true
  },
  "minecraft:story/root": {
    "criteria": {
      "crafting_table": "2024-06-20 02:58:31 +0000"
    },
    "done": true
  },
  "minecraft:recipes/decorations/ladder": {
    "criteria": {
      "has_stick": "2024-06-20 02:58:37 +0000"
    },
    "done": true
  },
  "emerald_tools:recipes/misc/copper_boots": {
    "criteria": {
      "has_stick": "2024-06-20 02:58:37 +0000"
    },
    "done": true
  },
  "emerald_tools:recipes/misc/diamond_paxel": {
    "criteria": {
      "has_stick": "2024-06-20 02:58:37 +0000"
    },
    "done": true
  },
  "emerald_tools:recipes/misc/steel_excavator": {
    "criteria": {
      "has_stick": "2024-06-20 02:58:37 +0000"
    },
    "done": true
  },
  "emerald_tools:recipes/misc/emerald_pickaxe": {
    "criteria": {
      "has_stick": "2024-06-20 02:58:37 +0000"
    },
    "done": true
  },
  "emerald_tools:recipes/misc/obsidian_pickaxe": {
    "criteria": {
      "has_stick": "2024-06-20 02:58:37 +0000"
    },
    "done": true
  },
  "emerald_tools:recipes/misc/copper_treeaxe": {
    "criteria": {
      "has_stick": "2024-06-20 02:58:37 +0000"
    },
    "done": true
  },
  "emerald_tools:recipes/combat/emerald_sword": {
    "criteria": {
      "has_stick": "2024-06-20 02:58:37 +0000"
    },
    "done": true
  },
  "emerald_tools:recipes/misc/amethyst_hoe": {
    "criteria": {
      "has_stick": "2024-06-20 02:58:37 +0000"
    },
    "done": true
  },
  "emerald_tools:recipes/misc/obsidian_chestplate": {
    "criteria": {
      "has_stick": "2024-06-20 02:58:37 +0000"
    },
    "done": true
  },
  "emerald_tools:recipes/misc/emerald_hammer": {
    "criteria": {
      "has_stick": "2024-06-20 02:58:37 +0000"
    },
    "done": true
  },
  "emerald_tools:recipes/misc/amethyst_pickaxe": {
    "criteria": {
      "has_stick": "2024-06-20 02:58:37 +0000"
    },
    "done": true
  },
  "emerald_tools:recipes/combat/amethyst_sword": {
    "criteria": {
      "has_stick": "2024-06-20 02:58:37 +0000"
    },
    "done": true
  },
  "emerald_tools:recipes/misc/ruby_hoe": {
    "criteria": {
      "has_stick": "2024-06-20 02:58:37 +0000"
    },
    "done": true
  },
  "emerald_tools:recipes/misc/copper_shovel": {
    "criteria": {
      "has_stick": "2024-06-20 02:58:37 +0000"
    },
    "done": true
  },
  "emerald_tools:recipes/misc/steel_paxel": {
    "criteria": {
      "has_stick": "2024-06-20 02:58:37 +0000"
    },
    "done": true
  },
  "emerald_tools:recipes/misc/iron_treeaxe": {
    "criteria": {
      "has_stick": "2024-06-20 02:58:37 +0000"
    },
    "done": true
  },
  "emerald_tools:recipes/misc/ruby_paxel": {
    "criteria": {
      "has_stick": "2024-06-20 02:58:37 +0000"
    },
    "done": true
  },
  "minecraft:recipes/tools/wooden_axe": {
    "criteria": {
      "has_stick": "2024-06-20 02:58:37 +0000"
    },
    "done": true
  },
  "emerald_tools:recipes/misc/steel_axe": {
    "criteria": {
      "has_stick": "2024-06-20 02:58:37 +0000"
    },
    "done": true
  },
  "emerald_tools:recipes/misc/emerald_excavator": {
    "criteria": {
      "has_stick": "2024-06-20 02:58:37 +0000"
    },
    "done": true
  },
  "emerald_tools:recipes/misc/obsidian_paxel": {
    "criteria": {
      "has_stick": "2024-06-20 02:58:37 +0000"
    },
    "done": true
  },
  "emerald_tools:recipes/misc/copper_helmet": {
    "criteria": {
      "has_stick": "2024-06-20 02:58:37 +0000"
    },
    "done": true
  },
  "emerald_tools:recipes/misc/obsidian_leggings": {
    "criteria": {
      "has_stick": "2024-06-20 02:58:37 +0000"
    },
    "done": true
  },
  "emerald_tools:recipes/misc/gold_paxel": {
    "criteria": {
      "has_stick": "2024-06-20 02:58:37 +0000"
    },
    "done": true
  },
  "emerald_tools:recipes/misc/steel_hammer": {
    "criteria": {
      "has_stick": "2024-06-20 02:58:37 +0000"
    },
    "done": true
  },
  "emerald_tools:recipes/misc/copper_excavator": {
    "criteria": {
      "has_stick": "2024-06-20 02:58:37 +0000"
    },
    "done": true
  },
  "emerald_tools:recipes/misc/emerald_chestplate": {
    "criteria": {
      "has_stick": "2024-06-20 02:58:37 +0000"
    },
    "done": true
  },
  "emerald_tools:recipes/misc/copper_chestplate": {
    "criteria": {
      "has_stick": "2024-06-20 02:58:37 +0000"
    },
    "done": true
  },
  "emerald_tools:recipes/misc/copper_axe": {
    "criteria": {
      "has_stick": "2024-06-20 02:58:37 +0000"
    },
    "done": true
  },
  "emerald_tools:recipes/combat/copper_sword": {
    "criteria": {
      "has_stick": "2024-06-20 02:58:37 +0000"
    },
    "done": true
  },
  "emerald_tools:recipes/misc/amethyst_hammer": {
    "criteria": {
      "has_stick": "2024-06-20 02:58:37 +0000"
    },
    "done": true
  },
  "emerald_tools:recipes/misc/diamond_arrow": {
    "criteria": {
      "has_stick": "2024-06-20 02:58:37 +0000"
    },
    "done": true
  },
  "emerald_tools:recipes/misc/ruby_helmet": {
    "criteria": {
      "has_stick": "2024-06-20 02:58:37 +0000"
    },
    "done": true
  },
  "emerald_tools:recipes/misc/copper_paxel": {
    "criteria": {
      "has_stick": "2024-06-20 02:58:37 +0000"
    },
    "done": true
  },
  "emerald_tools:recipes/misc/wooden_treeaxe": {
    "criteria": {
      "has_stick": "2024-06-20 02:58:37 +0000"
    },
    "done": true
  },
  "emerald_tools:recipes/misc/steel_hoe": {
    "criteria": {
      "has_stick": "2024-06-20 02:58:37 +0000"
    },
    "done": true
  },
  "emerald_tools:recipes/misc/diamond_treeaxe": {
    "criteria": {
      "has_stick": "2024-06-20 02:58:37 +0000"
    },
    "done": true
  },
  "emerald_tools:recipes/misc/obsidian_helmet": {
    "criteria": {
      "has_stick": "2024-06-20 02:58:37 +0000"
    },
    "done": true
  },
  "emerald_tools:recipes/misc/copper_hammer": {
    "criteria": {
      "has_stick": "2024-06-20 02:58:37 +0000"
    },
    "done": true
  },
  "emerald_tools:recipes/misc/emerald_hoe": {
    "criteria": {
      "has_stick": "2024-06-20 02:58:37 +0000"
    },
    "done": true
  },
  "emerald_tools:recipes/misc/steel_leggings": {
    "criteria": {
      "has_stick": "2024-06-20 02:58:37 +0000"
    },
    "done": true
  },
  "emerald_tools:recipes/misc/amethyst_treeaxe": {
    "criteria": {
      "has_stick": "2024-06-20 02:58:37 +0000"
    },
    "done": true
  },
  "emerald_tools:recipes/misc/steel_shovel": {
    "criteria": {
      "has_stick": "2024-06-20 02:58:37 +0000"
    },
    "done": true
  },
  "emerald_tools:recipes/misc/wooden_excavator": {
    "criteria": {
      "has_stick": "2024-06-20 02:58:37 +0000"
    },
    "done": true
  },
  "emerald_tools:recipes/misc/obsidian_treeaxe": {
    "criteria": {
      "has_stick": "2024-06-20 02:58:37 +0000"
    },
    "done": true
  },
  "emerald_tools:recipes/misc/gold_excavator": {
    "criteria": {
      "has_stick": "2024-06-20 02:58:37 +0000"
    },
    "done": true
  },
  "emerald_tools:recipes/misc/steel_boots": {
    "criteria": {
      "has_stick": "2024-06-20 02:58:37 +0000"
    },
    "done": true
  },
  "emerald_tools:recipes/misc/obsidian_hoe": {
    "criteria": {
      "has_stick": "2024-06-20 02:58:37 +0000"
    },
    "done": true
  },
  "emerald_tools:recipes/misc/copper_pickaxe": {
    "criteria": {
      "has_stick": "2024-06-20 02:58:37 +0000"
    },
    "done": true
  },
  "emerald_tools:recipes/misc/obsidian_boots": {
    "criteria": {
      "has_stick": "2024-06-20 02:58:37 +0000"
    },
    "done": true
  },
  "emerald_tools:recipes/misc/emerald_helmet": {
    "criteria": {
      "has_stick": "2024-06-20 02:58:37 +0000"
    },
    "done": true
  },
  "emerald_tools:recipes/misc/steel_chestplate": {
    "criteria": {
      "has_stick": "2024-06-20 02:58:37 +0000"
    },
    "done": true
  },
  "emerald_tools:recipes/misc/amethyst_axe": {
    "criteria": {
      "has_stick": "2024-06-20 02:58:37 +0000"
    },
    "done": true
  },
  "emerald_tools:recipes/misc/ruby_chestplate": {
    "criteria": {
      "has_stick": "2024-06-20 02:58:37 +0000"
    },
    "done": true
  },
  "emerald_tools:recipes/misc/gold_hammer": {
    "criteria": {
      "has_stick": "2024-06-20 02:58:37 +0000"
    },
    "done": true
  },
  "emerald_tools:recipes/misc/amethyst_chestplate": {
    "criteria": {
      "has_stick": "2024-06-20 02:58:37 +0000"
    },
    "done": true
  },
  "emerald_tools:recipes/misc/ruby_axe": {
    "criteria": {
      "has_stick": "2024-06-20 02:58:37 +0000"
    },
    "done": true
  },
  "emerald_tools:recipes/misc/diamond_excavator": {
    "criteria": {
      "has_stick": "2024-06-20 02:58:37 +0000"
    },
    "done": true
  },
  "emerald_tools:recipes/misc/ruby_shovel": {
    "criteria": {
      "has_stick": "2024-06-20 02:58:37 +0000"
    },
    "done": true
  },
  "emerald_tools:recipes/misc/ruby_excavator": {
    "criteria": {
      "has_stick": "2024-06-20 02:58:37 +0000"
    },
    "done": true
  },
  "minecraft:recipes/decorations/campfire": {
    "criteria": {
      "has_stick": "2024-06-20 02:58:37 +0000"
    },
    "done": true
  },
  "minecraft:recipes/tools/wooden_hoe": {
    "criteria": {
      "has_stick": "2024-06-20 02:58:37 +0000"
    },
    "done": true
  },
  "emerald_tools:recipes/misc/amethyst_leggings": {
    "criteria": {
      "has_stick": "2024-06-20 02:58:37 +0000"
    },
    "done": true
  },
  "minecraft:recipes/tools/wooden_pickaxe": {
    "criteria": {
      "has_stick": "2024-06-20 02:58:37 +0000"
    },
    "done": true
  },
  "emerald_tools:recipes/combat/ruby_sword": {
    "criteria": {
      "has_stick": "2024-06-20 02:58:37 +0000"
    },
    "done": true
  },
  "emerald_tools:recipes/misc/ruby_pickaxe": {
    "criteria": {
      "has_stick": "2024-06-20 02:58:37 +0000"
    },
    "done": true
  },
  "emerald_tools:recipes/misc/wooden_hammer": {
    "criteria": {
      "has_stick": "2024-06-20 02:58:37 +0000"
    },
    "done": true
  },
  "emerald_tools:recipes/misc/amethyst_helmet": {
    "criteria": {
      "has_stick": "2024-06-20 02:58:37 +0000"
    },
    "done": true
  },
  "emerald_tools:recipes/misc/emerald_arrow": {
    "criteria": {
      "has_stick": "2024-06-20 02:58:37 +0000"
    },
    "done": true
  },
  "emerald_tools:recipes/misc/emerald_boots": {
    "criteria": {
      "has_stick": "2024-06-20 02:58:37 +0000"
    },
    "done": true
  },
  "emerald_tools:recipes/misc/emerald_shovel": {
    "criteria": {
      "has_stick": "2024-06-20 02:58:37 +0000"
    },
    "done": true
  },
  "emerald_tools:recipes/misc/emerald_treeaxe": {
    "criteria": {
      "has_stick": "2024-06-20 02:58:37 +0000"
    },
    "done": true
  },
  "emerald_tools:recipes/misc/steel_treeaxe": {
    "criteria": {
      "has_stick": "2024-06-20 02:58:37 +0000"
    },
    "done": true
  },
  "emerald_tools:recipes/misc/amethyst_shovel": {
    "criteria": {
      "has_stick": "2024-06-20 02:58:37 +0000"
    },
    "done": true
  },
  "emerald_tools:recipes/misc/amethyst_arrow": {
    "criteria": {
      "has_stick": "2024-06-20 02:58:37 +0000"
    },
    "done": true
  },
  "minecraft:recipes/tools/wooden_shovel": {
    "criteria": {
      "has_stick": "2024-06-20 02:58:37 +0000"
    },
    "done": true
  },
  "emerald_tools:recipes/misc/steel_pickaxe": {
    "criteria": {
      "has_stick": "2024-06-20 02:58:37 +0000"
    },
    "done": true
  },
  "emerald_tools:recipes/misc/amethyst_boots": {
    "criteria": {
      "has_stick": "2024-06-20 02:58:37 +0000"
    },
    "done": true
  },
  "emerald_tools:recipes/misc/iron_paxel": {
    "criteria": {
      "has_stick": "2024-06-20 02:58:37 +0000"
    },
    "done": true
  },
  "emerald_tools:recipes/misc/diamond_hammer": {
    "criteria": {
      "has_stick": "2024-06-20 02:58:37 +0000"
    },
    "done": true
  },
  "emerald_tools:recipes/combat/steel_sword": {
    "criteria": {
      "has_stick": "2024-06-20 02:58:37 +0000"
    },
    "done": true
  },
  "emerald_tools:recipes/misc/gold_treeaxe": {
    "criteria": {
      "has_stick": "2024-06-20 02:58:37 +0000"
    },
    "done": true
  },
  "emerald_tools:recipes/misc/ruby_hammer": {
    "criteria": {
      "has_stick": "2024-06-20 02:58:37 +0000"
    },
    "done": true
  },
  "emerald_tools:recipes/misc/emerald_axe": {
    "criteria": {
      "has_stick": "2024-06-20 02:58:37 +0000"
    },
    "done": true
  },
  "emerald_tools:recipes/misc/obsidian_shovel": {
    "criteria": {
      "has_stick": "2024-06-20 02:58:37 +0000"
    },
    "done": true
  },
  "minecraft:recipes/combat/wooden_sword": {
    "criteria": {
      "has_stick": "2024-06-20 02:58:37 +0000"
    },
    "done": true
  },
  "emerald_tools:recipes/misc/copper_hoe": {
    "criteria": {
      "has_stick": "2024-06-20 02:58:37 +0000"
    },
    "done": true
  },
  "emerald_tools:recipes/misc/iron_hammer": {
    "criteria": {
      "has_stick": "2024-06-20 02:58:37 +0000"
    },
    "done": true
  },
  "emerald_tools:recipes/misc/ruby_treeaxe": {
    "criteria": {
      "has_stick": "2024-06-20 02:58:37 +0000"
    },
    "done": true
  },
  "emerald_tools:recipes/misc/obsidian_hammer": {
    "criteria": {
      "has_stick": "2024-06-20 02:58:37 +0000"
    },
    "done": true
  },
  "emerald_tools:recipes/misc/ruby_arrow": {
    "criteria": {
      "has_stick": "2024-06-20 02:58:37 +0000"
    },
    "done": true
  },
  "emerald_tools:recipes/misc/ruby_leggings": {
    "criteria": {
      "has_stick": "2024-06-20 02:58:37 +0000"
    },
    "done": true
  },
  "emerald_tools:recipes/misc/copper_leggings": {
    "criteria": {
      "has_stick": "2024-06-20 02:58:37 +0000"
    },
    "done": true
  },
  "emerald_tools:recipes/misc/ruby_boots": {
    "criteria": {
      "has_stick": "2024-06-20 02:58:37 +0000"
    },
    "done": true
  },
  "emerald_tools:recipes/misc/emerald_leggings": {
    "criteria": {
      "has_stick": "2024-06-20 02:58:37 +0000"
    },
    "done": true
  },
  "emerald_tools:recipes/misc/wooden_paxel": {
    "criteria": {
      "has_stick": "2024-06-20 02:58:37 +0000"
    },
    "done": true
  },
  "emerald_tools:recipes/misc/obsidian_axe": {
    "criteria": {
      "has_stick": "2024-06-20 02:58:37 +0000"
    },
    "done": true
  },
  "emerald_tools:recipes/misc/iron_excavator": {
    "criteria": {
      "has_stick": "2024-06-20 02:58:37 +0000"
    },
    "done": true
  },
  "emerald_tools:recipes/misc/emerald_paxel": {
    "criteria": {
      "has_stick": "2024-06-20 02:58:37 +0000"
    },
    "done": true
  },
  "emerald_tools:recipes/combat/obsidian_sword": {
    "criteria": {
      "has_stick": "2024-06-20 02:58:37 +0000"
    },
    "done": true
  },
  "emerald_tools:recipes/misc/amethyst_excavator": {
    "criteria": {
      "has_stick": "2024-06-20 02:58:37 +0000"
    },
    "done": true
  },
  "emerald_tools:recipes/misc/obsidian_excavator": {
    "criteria": {
      "has_stick": "2024-06-20 02:58:37 +0000"
    },
    "done": true
  },
  "emerald_tools:recipes/misc/amethyst_paxel": {
    "criteria": {
      "has_stick": "2024-06-20 02:58:37 +0000"
    },
    "done": true
  },
  "emerald_tools:recipes/misc/steel_helmet": {
    "criteria": {
      "has_stick": "2024-06-20 02:58:37 +0000"
    },
    "done": true
  },
  "minecraft:adventure/root": {
    "criteria": {
      "killed_something": "2024-06-20 03:00:20 +0000"
    },
    "done": true
  },
  "minecraft:recipes/food/cooked_chicken_from_campfire_cooking": {
    "criteria": {
      "has_chicken": "2024-06-20 03:00:21 +0000"
    },
    "done": true
  },
  "minecraft:recipes/food/cooked_chicken": {
    "criteria": {
      "has_chicken": "2024-06-20 03:00:21 +0000"
    },
    "done": true
  },
  "minecraft:recipes/combat/arrow": {
    "criteria": {
      "has_feather": "2024-06-20 03:00:21 +0000"
    },
    "done": true
  },
  "minecraft:recipes/food/cooked_chicken_from_smoking": {
    "criteria": {
      "has_chicken": "2024-06-20 03:00:21 +0000"
    },
    "done": true
  },
  "croptopia:gather_forest": {
    "criteria": {
      "grape_seed": "2024-06-20 03:00:22 +0000"
    },
    "done": false
  },
  "croptopia:gather_all": {
    "criteria": {
      "grape_seed": "2024-06-20 03:00:22 +0000"
    },
    "done": false
  },
  "croptopia:recipes/misc/grape_seed": {
    "criteria": {
      "has_grape": "2024-06-20 03:00:23 +0000"
    },
    "done": true
  },
  "minecraft:recipes/decorations/chest": {
    "criteria": {
      "has_lots_of_items": "2024-06-20 03:00:23 +0000"
    },
    "done": true
  },
  "croptopia:recipes/food/raisins_from_grape": {
    "criteria": {
      "has_grape": "2024-06-20 03:00:23 +0000"
    },
    "done": true
  },
  "croptopia:recipes/misc/grape_jam": {
    "criteria": {
      "has_grape": "2024-06-20 03:00:23 +0000"
    },
    "done": true
  },
  "croptopia:recipes/misc/grape_juice": {
    "criteria": {
      "has_grape": "2024-06-20 03:00:23 +0000"
    },
    "done": true
  },
  "minecraft:recipes/misc/purple_dye": {
    "criteria": {
      "has_the_recipe": "2024-06-20 03:00:23 +0000"
    },
    "done": true
  },
  "croptopia:recipes/misc/purple_dye": {
    "criteria": {
      "has_grape": "2024-06-20 03:00:23 +0000"
    },
    "done": true
  },
  "croptopia:recipes/food/raisins_from_smoking_grape": {
    "criteria": {
      "has_grape": "2024-06-20 03:00:23 +0000"
    },
    "done": true
  },
  "minecraft:recipes/food/cooked_beef": {
    "criteria": {
      "has_the_recipe": "2024-06-20 03:01:06 +0000"
    },
    "done": true
  },
  "croptopia:eatbig": {
    "criteria": {
      "eat_big": "2024-06-20 03:01:12 +0000"
    },
    "done": true
  },
  "minecraft:husbandry/root": {
    "criteria": {
      "consumed_item": "2024-06-20 03:01:12 +0000"
    },
    "done": true
  },
  "croptopia:eatcrafted": {
    "criteria": {
      "eat_crafted": "2024-06-20 03:01:12 +0000"
    },
    "done": true
  },
  "croptopia:getdrinks": {
    "criteria": {
      "has_drink": "2024-06-20 03:01:12 +0000"
    },
    "done": true
  },
  "croptopia:recipes/misc/apricot_jam": {
    "criteria": {
      "has_apricot": "2024-06-20 03:01:16 +0000"
    },
    "done": true
  },
  "croptopia:recipes/misc/apricot_sapling": {
    "criteria": {
      "has_apricot": "2024-06-20 03:01:16 +0000"
    },
    "done": true
  },
  "minecraft:recipes/transportation/cherry_boat": {
    "criteria": {
      "in_water": "2024-06-20 03:01:58 +0000"
    },
    "done": true
  },
  "minecraft:recipes/transportation/bamboo_raft": {
    "criteria": {
      "in_water": "2024-06-20 03:01:58 +0000"
    },
    "done": true
  },
  "minecraft:recipes/transportation/spruce_boat": {
    "criteria": {
      "in_water": "2024-06-20 03:01:58 +0000"
    },
    "done": true
  },
  "minecraft:recipes/transportation/birch_boat": {
    "criteria": {
      "in_water": "2024-06-20 03:01:58 +0000"
    },
    "done": true
  },
  "minecraft:recipes/transportation/oak_boat": {
    "criteria": {
      "in_water": "2024-06-20 03:01:58 +0000"
    },
    "done": true
  },
  "minecraft:recipes/transportation/mangrove_boat": {
    "criteria": {
      "in_water": "2024-06-20 03:01:58 +0000"
    },
    "done": true
  },
  "minecraft:recipes/transportation/acacia_boat": {
    "criteria": {
      "in_water": "2024-06-20 03:01:58 +0000"
    },
    "done": true
  },
  "minecraft:recipes/transportation/jungle_boat": {
    "criteria": {
      "in_water": "2024-06-20 03:01:58 +0000"
    },
    "done": true
  },
  "minecraft:recipes/transportation/dark_oak_boat": {
    "criteria": {
      "in_water": "2024-06-20 03:01:58 +0000"
    },
    "done": true
  },
  "minecraft:recipes/redstone/lever": {
    "criteria": {
      "has_cobblestone": "2024-06-20 03:02:03 +0000"
    },
    "done": true
  },
  "minecraft:recipes/combat/stone_sword": {
    "criteria": {
      "has_cobblestone": "2024-06-20 03:02:03 +0000"
    },
    "done": true
  },
  "minecraft:recipes/decorations/cobblestone_wall": {
    "criteria": {
      "has_cobblestone": "2024-06-20 03:02:03 +0000"
    },
    "done": true
  },
  "minecraft:recipes/tools/stone_axe": {
    "criteria": {
      "has_cobblestone": "2024-06-20 03:02:03 +0000"
    },
    "done": true
  },
  "minecraft:story/mine_stone": {
    "criteria": {
      "get_stone": "2024-06-20 03:02:03 +0000"
    },
    "done": true
  },
  "minecraft:recipes/decorations/furnace": {
    "criteria": {
      "has_cobblestone": "2024-06-20 03:02:03 +0000"
    },
    "done": true
  },
  "minecraft:recipes/building_blocks/cobblestone_slab_from_cobblestone_stonecutting": {
    "criteria": {
      "has_cobblestone": "2024-06-20 03:02:03 +0000"
    },
    "done": true
  },
  "minecraft:recipes/building_blocks/stone": {
    "criteria": {
      "has_cobblestone": "2024-06-20 03:02:03 +0000"
    },
    "done": true
  },
  "minecraft:recipes/tools/stone_pickaxe": {
    "criteria": {
      "has_cobblestone": "2024-06-20 03:02:03 +0000"
    },
    "done": true
  },
  "minecraft:recipes/building_blocks/cobblestone_slab": {
    "criteria": {
      "has_cobblestone": "2024-06-20 03:02:03 +0000"
    },
    "done": true
  },
  "minecraft:recipes/decorations/cobblestone_wall_from_cobblestone_stonecutting": {
    "criteria": {
      "has_cobblestone": "2024-06-20 03:02:03 +0000"
    },
    "done": true
  },
  "minecraft:recipes/building_blocks/cobblestone_stairs_from_cobblestone_stonecutting": {
    "criteria": {
      "has_cobblestone": "2024-06-20 03:02:03 +0000"
    },
    "done": true
  },
  "minecraft:recipes/building_blocks/cobblestone_stairs": {
    "criteria": {
      "has_cobblestone": "2024-06-20 03:02:03 +0000"
    },
    "done": true
  },
  "minecraft:recipes/tools/stone_hoe": {
    "criteria": {
      "has_cobblestone": "2024-06-20 03:02:03 +0000"
    },
    "done": true
  },
  "minecraft:recipes/tools/stone_shovel": {
    "criteria": {
      "has_cobblestone": "2024-06-20 03:02:03 +0000"
    },
    "done": true
  },
  "minecraft:recipes/decorations/torch": {
    "criteria": {
      "has_stone_pickaxe": "2024-06-20 03:02:19 +0000"
    },
    "done": true
  },
  "minecraft:story/upgrade_tools": {
    "criteria": {
      "stone_pickaxe": "2024-06-20 03:02:19 +0000"
    },
    "done": true
  },
  "minecraft:recipes/building_blocks/raw_iron_block": {
    "criteria": {
      "has_raw_iron": "2024-06-20 03:04:34 +0000"
    },
    "done": true
  },
  "minecraft:recipes/misc/iron_ingot_from_smelting_raw_iron": {
    "criteria": {
      "has_raw_iron": "2024-06-20 03:04:34 +0000"
    },
    "done": true
  },
  "minecraft:recipes/misc/iron_ingot_from_blasting_raw_iron": {
    "criteria": {
      "has_raw_iron": "2024-06-20 03:04:34 +0000"
    },
    "done": true
  },
  "minecraft:husbandry/balanced_diet": {
    "criteria": {
      "cooked_porkchop": "2024-06-20 05:29:59 +0000",
      "cooked_chicken": "2024-06-20 03:13:22 +0000",
      "cooked_cod": "2024-06-20 04:56:51 +0000",
      "cooked_beef": "2024-06-20 03:05:24 +0000",
      "cooked_salmon": "2024-06-20 06:13:16 +0000"
    },
    "done": false
  },
  "minecraft:adventure/kill_all_mobs": {
    "criteria": {
      "minecraft:spider": "2024-06-20 03:06:12 +0000",
      "minecraft:wither_skeleton": "2024-06-20 04:59:55 +0000",
      "minecraft:zombie": "2024-06-20 04:24:25 +0000",
      "minecraft:drowned": "2024-06-20 04:24:32 +0000"
    },
    "done": false
  },
  "minecraft:adventure/kill_a_mob": {
    "criteria": {
      "minecraft:spider": "2024-06-20 03:06:12 +0000"
    },
    "done": true
  },
  "minecraft:recipes/building_blocks/andesite_stairs": {
    "criteria": {
      "has_andesite": "2024-06-20 03:06:59 +0000"
    },
    "done": true
  },
  "handcrafted:recipes/misc/andesite_corner_trim": {
    "criteria": {
      "has_andesite_corner_trim": "2024-06-20 03:06:59 +0000"
    },
    "done": true
  },
  "minecraft:recipes/decorations/andesite_wall_from_andesite_stonecutting": {
    "criteria": {
      "has_andesite": "2024-06-20 03:06:59 +0000"
    },
    "done": true
  },
  "minecraft:recipes/building_blocks/polished_andesite_slab_from_andesite_stonecutting": {
    "criteria": {
      "has_andesite": "2024-06-20 03:06:59 +0000"
    },
    "done": true
  },
  "minecraft:recipes/building_blocks/andesite_slab_from_andesite_stonecutting": {
    "criteria": {
      "has_andesite": "2024-06-20 03:06:59 +0000"
    },
    "done": true
  },
  "minecraft:recipes/building_blocks/andesite_stairs_from_andesite_stonecutting": {
    "criteria": {
      "has_andesite": "2024-06-20 03:06:59 +0000"
    },
    "done": true
  },
  "minecraft:recipes/building_blocks/polished_andesite_from_andesite_stonecutting": {
    "criteria": {
      "has_andesite": "2024-06-20 03:06:59 +0000"
    },
    "done": true
  },
  "minecraft:recipes/building_blocks/polished_andesite": {
    "criteria": {
      "has_andesite": "2024-06-20 03:06:59 +0000"
    },
    "done": true
  },
  "minecraft:recipes/decorations/andesite_wall": {
    "criteria": {
      "has_andesite": "2024-06-20 03:06:59 +0000"
    },
    "done": true
  },
  "minecraft:recipes/building_blocks/andesite_slab": {
    "criteria": {
      "has_andesite": "2024-06-20 03:06:59 +0000"
    },
    "done": true
  },
  "handcrafted:recipes/misc/andesite_pillar_trim": {
    "criteria": {
      "has_andesite_pillar_trim": "2024-06-20 03:06:59 +0000"
    },
    "done": true
  },
  "minecraft:recipes/building_blocks/polished_andesite_stairs_from_andesite_stonecutting": {
    "criteria": {
      "has_andesite": "2024-06-20 03:06:59 +0000"
    },
    "done": true
  },
  "minecraft:recipes/food/cake": {
    "criteria": {
      "has_egg": "2024-06-20 03:09:24 +0000"
    },
    "done": true
  },
  "croptopia:recipes/misc/meringue": {
    "criteria": {
      "has_egg": "2024-06-20 03:09:24 +0000"
    },
    "done": true
  },
  "minecraft:recipes/misc/magenta_dye_from_lilac": {
    "criteria": {
      "has_lilac": "2024-06-20 03:10:04 +0000"
    },
    "done": true
  },
  "minecraft:recipes/combat/bow": {
    "criteria": {
      "has_string": "2024-06-20 03:10:19 +0000"
    },
    "done": true
  },
  "minecraft:recipes/tools/fishing_rod": {
    "criteria": {
      "has_string": "2024-06-20 03:10:19 +0000"
    },
    "done": true
  },
  "minecraft:recipes/redstone/tripwire_hook": {
    "criteria": {
      "has_string": "2024-06-20 03:10:19 +0000"
    },
    "done": true
  },
  "minecraft:recipes/decorations/candle": {
    "criteria": {
      "has_string": "2024-06-20 03:10:19 +0000"
    },
    "done": true
  },
  "minecraft:recipes/building_blocks/white_wool_from_string": {
    "criteria": {
      "has_string": "2024-06-20 03:10:19 +0000"
    },
    "done": true
  },
  "minecraft:recipes/combat/crossbow": {
    "criteria": {
      "has_string": "2024-06-20 03:10:19 +0000"
    },
    "done": true
  },
  "minecraft:recipes/decorations/loom": {
    "criteria": {
      "has_string": "2024-06-20 03:10:19 +0000"
    },
    "done": true
  },
  "minecraft:recipes/building_blocks/polished_deepslate": {
    "criteria": {
      "has_cobbled_deepslate": "2024-06-20 03:11:27 +0000"
    },
    "done": true
  },
  "minecraft:recipes/building_blocks/deepslate_tile_stairs_from_cobbled_deepslate_stonecutting": {
    "criteria": {
      "has_cobbled_deepslate": "2024-06-20 03:11:27 +0000"
    },
    "done": true
  },
  "minecraft:recipes/building_blocks/deepslate_brick_stairs_from_cobbled_deepslate_stonecutting": {
    "criteria": {
      "has_cobbled_deepslate": "2024-06-20 03:11:27 +0000"
    },
    "done": true
  },
  "minecraft:recipes/building_blocks/chiseled_deepslate_from_cobbled_deepslate_stonecutting": {
    "criteria": {
      "has_cobbled_deepslate": "2024-06-20 03:11:27 +0000"
    },
    "done": true
  },
  "minecraft:recipes/building_blocks/cobbled_deepslate_slab": {
    "criteria": {
      "has_cobbled_deepslate": "2024-06-20 03:11:27 +0000"
    },
    "done": true
  },
  "minecraft:recipes/decorations/cobbled_deepslate_wall_from_cobbled_deepslate_stonecutting": {
    "criteria": {
      "has_cobbled_deepslate": "2024-06-20 03:11:27 +0000"
    },
    "done": true
  },
  "minecraft:recipes/decorations/cobbled_deepslate_wall": {
    "criteria": {
      "has_cobbled_deepslate": "2024-06-20 03:11:27 +0000"
    },
    "done": true
  },
  "minecraft:recipes/decorations/polished_deepslate_wall_from_cobbled_deepslate_stonecutting": {
    "criteria": {
      "has_cobbled_deepslate": "2024-06-20 03:11:27 +0000"
    },
    "done": true
  },
  "minecraft:recipes/building_blocks/cobbled_deepslate_stairs_from_cobbled_deepslate_stonecutting": {
    "criteria": {
      "has_cobbled_deepslate": "2024-06-20 03:11:27 +0000"
    },
    "done": true
  },
  "minecraft:recipes/building_blocks/deepslate": {
    "criteria": {
      "has_cobbled_deepslate": "2024-06-20 03:11:27 +0000"
    },
    "done": true
  },
  "minecraft:recipes/building_blocks/polished_deepslate_stairs_from_cobbled_deepslate_stonecutting": {
    "criteria": {
      "has_cobbled_deepslate": "2024-06-20 03:11:27 +0000"
    },
    "done": true
  },
  "minecraft:recipes/decorations/deepslate_brick_wall_from_cobbled_deepslate_stonecutting": {
    "criteria": {
      "has_cobbled_deepslate": "2024-06-20 03:11:27 +0000"
    },
    "done": true
  },
  "minecraft:recipes/building_blocks/polished_deepslate_from_cobbled_deepslate_stonecutting": {
    "criteria": {
      "has_cobbled_deepslate": "2024-06-20 03:11:27 +0000"
    },
    "done": true
  },
  "minecraft:recipes/building_blocks/polished_deepslate_slab_from_cobbled_deepslate_stonecutting": {
    "criteria": {
      "has_cobbled_deepslate": "2024-06-20 03:11:27 +0000"
    },
    "done": true
  },
  "minecraft:recipes/building_blocks/deepslate_brick_slab_from_cobbled_deepslate_stonecutting": {
    "criteria": {
      "has_cobbled_deepslate": "2024-06-20 03:11:27 +0000"
    },
    "done": true
  },
  "minecraft:recipes/building_blocks/cobbled_deepslate_slab_from_cobbled_deepslate_stonecutting": {
    "criteria": {
      "has_cobbled_deepslate": "2024-06-20 03:11:27 +0000"
    },
    "done": true
  },
  "minecraft:recipes/building_blocks/deepslate_tile_slab_from_cobbled_deepslate_stonecutting": {
    "criteria": {
      "has_cobbled_deepslate": "2024-06-20 03:11:27 +0000"
    },
    "done": true
  },
  "minecraft:recipes/building_blocks/cobbled_deepslate_stairs": {
    "criteria": {
      "has_cobbled_deepslate": "2024-06-20 03:11:27 +0000"
    },
    "done": true
  },
  "minecraft:recipes/decorations/deepslate_tile_wall_from_cobbled_deepslate_stonecutting": {
    "criteria": {
      "has_cobbled_deepslate": "2024-06-20 03:11:27 +0000"
    },
    "done": true
  },
  "minecraft:recipes/building_blocks/deepslate_bricks_from_cobbled_deepslate_stonecutting": {
    "criteria": {
      "has_cobbled_deepslate": "2024-06-20 03:11:27 +0000"
    },
    "done": true
  },
  "minecraft:recipes/building_blocks/deepslate_tiles_from_cobbled_deepslate_stonecutting": {
    "criteria": {
      "has_cobbled_deepslate": "2024-06-20 03:11:27 +0000"
    },
    "done": true
  },
  "minecraft:recipes/decorations/smoker": {
    "criteria": {
      "has_furnace": "2024-06-20 03:11:56 +0000"
    },
    "done": true
  },
  "minecraft:recipes/combat/iron_leggings": {
    "criteria": {
      "has_iron_ingot": "2024-06-20 03:12:29 +0000"
    },
    "done": true
  },
  "minecraft:recipes/combat/iron_chestplate": {
    "criteria": {
      "has_iron_ingot": "2024-06-20 03:12:29 +0000"
    },
    "done": true
  },
  "minecraft:recipes/misc/iron_nugget": {
    "criteria": {
      "has_iron_ingot": "2024-06-20 03:12:29 +0000"
    },
    "done": true
  },
  "minecraft:recipes/misc/bucket": {
    "criteria": {
      "has_iron_ingot": "2024-06-20 03:12:29 +0000"
    },
    "done": true
  },
  "minecraft:recipes/combat/iron_helmet": {
    "criteria": {
      "has_iron_ingot": "2024-06-20 03:12:29 +0000"
    },
    "done": true
  },
  "minecraft:recipes/transportation/minecart": {
    "criteria": {
      "has_iron_ingot": "2024-06-20 03:12:29 +0000"
    },
    "done": true
  },
  "minecraft:recipes/tools/iron_hoe": {
    "criteria": {
      "has_iron_ingot": "2024-06-20 03:12:29 +0000"
    },
    "done": true
  },
  "handcrafted:recipes/misc/hammer": {
    "criteria": {
      "has_hammer": "2024-06-20 03:12:29 +0000"
    },
    "done": true
  },
  "minecraft:story/smelt_iron": {
    "criteria": {
      "iron": "2024-06-20 03:12:29 +0000"
    },
    "done": true
  },
  "minecraft:recipes/tools/shears": {
    "criteria": {
      "has_iron_ingot": "2024-06-20 03:12:29 +0000"
    },
    "done": true
  },
  "minecraft:recipes/decorations/chain": {
    "criteria": {
      "has_iron_ingot": "2024-06-20 03:12:29 +0000"
    },
    "done": true
  },
  "minecraft:recipes/building_blocks/iron_block": {
    "criteria": {
      "has_iron_ingot": "2024-06-20 03:12:29 +0000"
    },
    "done": true
  },
  "minecraft:recipes/decorations/smithing_table": {
    "criteria": {
      "has_iron_ingot": "2024-06-20 03:12:29 +0000"
    },
    "done": true
  },
  "minecraft:recipes/combat/iron_sword": {
    "criteria": {
      "has_iron_ingot": "2024-06-20 03:12:29 +0000"
    },
    "done": true
  },
  "minecraft:recipes/tools/iron_pickaxe": {
    "criteria": {
      "has_iron_ingot": "2024-06-20 03:12:29 +0000"
    },
    "done": true
  },
  "minecraft:recipes/combat/shield": {
    "criteria": {
      "has_iron_ingot": "2024-06-20 03:12:29 +0000"
    },
    "done": true
  },
  "minecraft:recipes/redstone/hopper": {
    "criteria": {
      "has_iron_ingot": "2024-06-20 03:12:29 +0000"
    },
    "done": true
  },
  "minecraft:recipes/decorations/iron_bars": {
    "criteria": {
      "has_iron_ingot": "2024-06-20 03:12:29 +0000"
    },
    "done": true
  },
  "minecraft:recipes/combat/iron_boots": {
    "criteria": {
      "has_iron_ingot": "2024-06-20 03:12:29 +0000"
    },
    "done": true
  },
  "croptopia:recipes/misc/frying_pan": {
    "criteria": {
      "has_iron": "2024-06-20 03:12:29 +0000"
    },
    "done": true
  },
  "minecraft:recipes/decorations/lantern": {
    "criteria": {
      "has_iron_ingot": "2024-06-20 03:12:29 +0000"
    },
    "done": true
  },
  "minecraft:recipes/tools/iron_shovel": {
    "criteria": {
      "has_iron_ingot": "2024-06-20 03:12:29 +0000"
    },
    "done": true
  },
  "handcrafted:recipes/misc/bench": {
    "criteria": {
      "has_bench": "2024-06-20 03:12:29 +0000"
    },
    "done": true
  },
  "minecraft:recipes/redstone/iron_trapdoor": {
    "criteria": {
      "has_iron_ingot": "2024-06-20 03:12:29 +0000"
    },
    "done": true
  },
  "minecraft:recipes/tools/iron_axe": {
    "criteria": {
      "has_iron_ingot": "2024-06-20 03:12:29 +0000"
    },
    "done": true
  },
  "croptopia:recipes/misc/knife": {
    "criteria": {
      "has_iron": "2024-06-20 03:12:29 +0000"
    },
    "done": true
  },
  "minecraft:recipes/redstone/iron_door": {
    "criteria": {
      "has_iron_ingot": "2024-06-20 03:12:29 +0000"
    },
    "done": true
  },
  "croptopia:recipes/misc/cooking_pot": {
    "criteria": {
      "has_iron": "2024-06-20 03:12:29 +0000"
    },
    "done": true
  },
  "minecraft:recipes/redstone/heavy_weighted_pressure_plate": {
    "criteria": {
      "has_iron_ingot": "2024-06-20 03:12:29 +0000"
    },
    "done": true
  },
  "minecraft:recipes/building_blocks/chiseled_tuff_bricks_from_tuff_stonecutting": {
    "criteria": {
      "has_tuff": "2024-06-20 03:13:46 +0000"
    },
    "done": true
  },
  "minecraft:recipes/building_blocks/tuff_bricks_from_tuff_stonecutting": {
    "criteria": {
      "has_tuff": "2024-06-20 03:13:46 +0000"
    },
    "done": true
  },
  "minecraft:recipes/building_blocks/polished_tuff_slab_from_tuff_stonecutting": {
    "criteria": {
      "has_tuff": "2024-06-20 03:13:46 +0000"
    },
    "done": true
  },
  "minecraft:recipes/building_blocks/tuff_stairs": {
    "criteria": {
      "has_tuff": "2024-06-20 03:13:46 +0000"
    },
    "done": true
  },
  "minecraft:recipes/decorations/tuff_brick_wall_from_tuff_stonecutting": {
    "criteria": {
      "has_tuff": "2024-06-20 03:13:46 +0000"
    },
    "done": true
  },
  "minecraft:recipes/building_blocks/chiseled_tuff_from_tuff_stonecutting": {
    "criteria": {
      "has_tuff": "2024-06-20 03:13:46 +0000"
    },
    "done": true
  },
  "minecraft:recipes/building_blocks/polished_tuff_stairs_from_tuff_stonecutting": {
    "criteria": {
      "has_tuff": "2024-06-20 03:13:46 +0000"
    },
    "done": true
  },
  "minecraft:recipes/building_blocks/tuff_brick_stairs_from_tuff_stonecutting": {
    "criteria": {
      "has_tuff": "2024-06-20 03:13:46 +0000"
    },
    "done": true
  },
  "minecraft:recipes/building_blocks/tuff_slab_from_tuff_stonecutting": {
    "criteria": {
      "has_tuff": "2024-06-20 03:13:46 +0000"
    },
    "done": true
  },
  "minecraft:recipes/building_blocks/polished_tuff_from_tuff_stonecutting": {
    "criteria": {
      "has_tuff": "2024-06-20 03:13:46 +0000"
    },
    "done": true
  },
  "minecraft:recipes/building_blocks/tuff_slab": {
    "criteria": {
      "has_tuff": "2024-06-20 03:13:46 +0000"
    },
    "done": true
  },
  "minecraft:recipes/building_blocks/tuff_brick_slab_from_tuff_stonecutting": {
    "criteria": {
      "has_tuff": "2024-06-20 03:13:46 +0000"
    },
    "done": true
  },
  "minecraft:recipes/decorations/polished_tuff_wall_from_tuff_stonecutting": {
    "criteria": {
      "has_tuff": "2024-06-20 03:13:46 +0000"
    },
    "done": true
  },
  "minecraft:recipes/decorations/tuff_wall": {
    "criteria": {
      "has_tuff": "2024-06-20 03:13:46 +0000"
    },
    "done": true
  },
  "minecraft:recipes/decorations/tuff_wall_from_tuff_stonecutting": {
    "criteria": {
      "has_tuff": "2024-06-20 03:13:46 +0000"
    },
    "done": true
  },
  "minecraft:recipes/building_blocks/tuff_stairs_from_tuff_stonecutting": {
    "criteria": {
      "has_tuff": "2024-06-20 03:13:46 +0000"
    },
    "done": true
  },
  "minecraft:recipes/building_blocks/polished_tuff": {
    "criteria": {
      "has_tuff": "2024-06-20 03:13:46 +0000"
    },
    "done": true
  },
  "minecraft:recipes/building_blocks/coarse_dirt": {
    "criteria": {
      "has_gravel": "2024-06-20 03:14:18 +0000"
    },
    "done": true
  },
  "minecraft:recipes/building_blocks/light_gray_concrete_powder": {
    "criteria": {
      "has_gravel": "2024-06-20 03:14:18 +0000"
    },
    "done": true
  },
  "minecraft:recipes/building_blocks/pink_concrete_powder": {
    "criteria": {
      "has_gravel": "2024-06-20 03:14:18 +0000"
    },
    "done": true
  },
  "minecraft:recipes/building_blocks/red_concrete_powder": {
    "criteria": {
      "has_gravel": "2024-06-20 03:14:18 +0000"
    },
    "done": true
  },
  "minecraft:recipes/building_blocks/brown_concrete_powder": {
    "criteria": {
      "has_gravel": "2024-06-20 03:14:18 +0000"
    },
    "done": true
  },
  "minecraft:recipes/building_blocks/light_blue_concrete_powder": {
    "criteria": {
      "has_gravel": "2024-06-20 03:14:18 +0000"
    },
    "done": true
  },
  "minecraft:recipes/building_blocks/green_concrete_powder": {
    "criteria": {
      "has_gravel": "2024-06-20 03:14:18 +0000"
    },
    "done": true
  },
  "minecraft:recipes/building_blocks/blue_concrete_powder": {
    "criteria": {
      "has_gravel": "2024-06-20 03:14:18 +0000"
    },
    "done": true
  },
  "minecraft:recipes/building_blocks/white_concrete_powder": {
    "criteria": {
      "has_gravel": "2024-06-20 03:14:18 +0000"
    },
    "done": true
  },
  "minecraft:recipes/building_blocks/lime_concrete_powder": {
    "criteria": {
      "has_gravel": "2024-06-20 03:14:18 +0000"
    },
    "done": true
  },
  "minecraft:recipes/building_blocks/orange_concrete_powder": {
    "criteria": {
      "has_gravel": "2024-06-20 03:14:18 +0000"
    },
    "done": true
  },
  "minecraft:recipes/building_blocks/magenta_concrete_powder": {
    "criteria": {
      "has_gravel": "2024-06-20 03:14:18 +0000"
    },
    "done": true
  },
  "minecraft:recipes/building_blocks/yellow_concrete_powder": {
    "criteria": {
      "has_gravel": "2024-06-20 03:14:18 +0000"
    },
    "done": true
  },
  "minecraft:recipes/building_blocks/gray_concrete_powder": {
    "criteria": {
      "has_gravel": "2024-06-20 03:14:18 +0000"
    },
    "done": true
  },
  "minecraft:recipes/building_blocks/black_concrete_powder": {
    "criteria": {
      "has_gravel": "2024-06-20 03:14:18 +0000"
    },
    "done": true
  },
  "minecraft:recipes/building_blocks/purple_concrete_powder": {
    "criteria": {
      "has_gravel": "2024-06-20 03:14:18 +0000"
    },
    "done": true
  },
  "minecraft:recipes/building_blocks/cyan_concrete_powder": {
    "criteria": {
      "has_gravel": "2024-06-20 03:14:18 +0000"
    },
    "done": true
  },
  "minecraft:recipes/redstone/redstone_torch": {
    "criteria": {
      "has_redstone": "2024-06-20 03:14:48 +0000"
    },
    "done": true
  },
  "minecraft:recipes/tools/clock": {
    "criteria": {
      "has_redstone": "2024-06-20 03:14:48 +0000"
    },
    "done": true
  },
  "minecraft:recipes/redstone/note_block": {
    "criteria": {
      "has_redstone": "2024-06-20 03:14:48 +0000"
    },
    "done": true
  },
  "minecraft:recipes/redstone/target": {
    "criteria": {
      "has_redstone": "2024-06-20 03:14:48 +0000"
    },
    "done": true
  },
  "minecraft:recipes/tools/compass": {
    "criteria": {
      "has_redstone": "2024-06-20 03:14:48 +0000"
    },
    "done": true
  },
  "minecraft:recipes/redstone/dropper": {
    "criteria": {
      "has_redstone": "2024-06-20 03:14:48 +0000"
    },
    "done": true
  },
  "minecraft:recipes/redstone/redstone_block": {
    "criteria": {
      "has_redstone": "2024-06-20 03:14:48 +0000"
    },
    "done": true
  },
  "minecraft:recipes/redstone/piston": {
    "criteria": {
      "has_redstone": "2024-06-20 03:14:48 +0000"
    },
    "done": true
  },
  "minecraft:recipes/misc/blue_dye": {
    "criteria": {
      "has_lapis_lazuli": "2024-06-20 03:14:51 +0000"
    },
    "done": true
  },
  "minecraft:recipes/building_blocks/lapis_block": {
    "criteria": {
      "has_lapis_lazuli": "2024-06-20 03:14:51 +0000"
    },
    "done": true
  },
  "minecraft:recipes/building_blocks/polished_diorite": {
    "criteria": {
      "has_diorite": "2024-06-20 03:21:25 +0000"
    },
    "done": true
  },
  "minecraft:recipes/building_blocks/diorite_slab": {
    "criteria": {
      "has_diorite": "2024-06-20 03:21:25 +0000"
    },
    "done": true
  },
  "handcrafted:recipes/misc/diorite_pillar_trim": {
    "criteria": {
      "has_diorite_pillar_trim": "2024-06-20 03:21:25 +0000"
    },
    "done": true
  },
  "minecraft:recipes/decorations/diorite_wall": {
    "criteria": {
      "has_diorite": "2024-06-20 03:21:25 +0000"
    },
    "done": true
  },
  "minecraft:recipes/building_blocks/polished_diorite_stairs_from_diorite_stonecutting": {
    "criteria": {
      "has_diorite": "2024-06-20 03:21:25 +0000"
    },
    "done": true
  },
  "minecraft:recipes/building_blocks/diorite_stairs_from_diorite_stonecutting": {
    "criteria": {
      "has_diorite": "2024-06-20 03:21:25 +0000"
    },
    "done": true
  },
  "minecraft:recipes/decorations/diorite_wall_from_diorite_stonecutting": {
    "criteria": {
      "has_diorite": "2024-06-20 03:21:25 +0000"
    },
    "done": true
  },
  "minecraft:recipes/building_blocks/andesite": {
    "criteria": {
      "has_stone": "2024-06-20 03:21:25 +0000"
    },
    "done": true
  },
  "minecraft:recipes/building_blocks/polished_diorite_from_diorite_stonecutting": {
    "criteria": {
      "has_diorite": "2024-06-20 03:21:25 +0000"
    },
    "done": true
  },
  "handcrafted:recipes/misc/diorite_corner_trim": {
    "criteria": {
      "has_diorite_corner_trim": "2024-06-20 03:21:25 +0000"
    },
    "done": true
  },
  "minecraft:recipes/building_blocks/diorite_slab_from_diorite_stonecutting": {
    "criteria": {
      "has_diorite": "2024-06-20 03:21:25 +0000"
    },
    "done": true
  },
  "minecraft:recipes/building_blocks/polished_diorite_slab_from_diorite_stonecutting": {
    "criteria": {
      "has_diorite": "2024-06-20 03:21:25 +0000"
    },
    "done": true
  },
  "minecraft:recipes/building_blocks/diorite_stairs": {
    "criteria": {
      "has_diorite": "2024-06-20 03:21:25 +0000"
    },
    "done": true
  },
  "minecraft:recipes/building_blocks/coal_block": {
    "criteria": {
      "has_coal": "2024-06-20 03:22:20 +0000"
    },
    "done": true
  },
  "minecraft:recipes/transportation/spruce_chest_boat": {
    "criteria": {
      "has_boat": "2024-06-20 03:25:51 +0000"
    },
    "done": true
  },
  "minecraft:recipes/transportation/jungle_chest_boat": {
    "criteria": {
      "has_boat": "2024-06-20 03:25:51 +0000"
    },
    "done": true
  },
  "minecraft:recipes/transportation/acacia_chest_boat": {
    "criteria": {
      "has_boat": "2024-06-20 03:25:51 +0000"
    },
    "done": true
  },
  "minecraft:recipes/transportation/mangrove_chest_boat": {
    "criteria": {
      "has_boat": "2024-06-20 03:25:51 +0000"
    },
    "done": true
  },
  "minecraft:recipes/transportation/oak_chest_boat": {
    "criteria": {
      "has_boat": "2024-06-20 03:25:51 +0000"
    },
    "done": true
  },
  "minecraft:recipes/transportation/cherry_chest_boat": {
    "criteria": {
      "has_boat": "2024-06-20 03:25:51 +0000"
    },
    "done": true
  },
  "minecraft:recipes/transportation/birch_chest_boat": {
    "criteria": {
      "has_boat": "2024-06-20 03:25:51 +0000"
    },
    "done": true
  },
  "minecraft:recipes/transportation/dark_oak_chest_boat": {
    "criteria": {
      "has_boat": "2024-06-20 03:25:51 +0000"
    },
    "done": true
  },
  "minecraft:recipes/transportation/bamboo_chest_raft": {
    "criteria": {
      "has_boat": "2024-06-20 03:25:51 +0000"
    },
    "done": true
  },
  "minecraft:recipes/tools/flint_and_steel": {
    "criteria": {
      "has_obsidian": "2024-06-20 03:27:55 +0000"
    },
    "done": true
  },
  "minecraft:story/form_obsidian": {
    "criteria": {
      "obsidian": "2024-06-20 03:27:55 +0000"
    },
    "done": true
  },
  "minecraft:recipes/decorations/enchanting_table": {
    "criteria": {
      "has_obsidian": "2024-06-20 03:27:55 +0000"
    },
    "done": true
  },
  "minecraft:recipes/misc/gold_nugget_from_smelting": {
    "criteria": {
      "has_golden_boots": "2024-06-20 03:27:56 +0000"
    },
    "done": true
  },
  "minecraft:recipes/misc/gold_nugget_from_blasting": {
    "criteria": {
      "has_golden_boots": "2024-06-20 03:27:56 +0000"
    },
    "done": true
  },
  "minecraft:recipes/misc/iron_ingot_from_nuggets": {
    "criteria": {
      "has_iron_nugget": "2024-06-20 03:27:59 +0000"
    },
    "done": true
  },
  "minecraft:recipes/misc/copper_ingot_from_blasting_raw_copper": {
    "criteria": {
      "has_raw_copper": "2024-06-20 03:31:10 +0000"
    },
    "done": true
  },
  "minecraft:recipes/building_blocks/raw_copper_block": {
    "criteria": {
      "has_raw_copper": "2024-06-20 03:31:10 +0000"
    },
    "done": true
  },
  "minecraft:recipes/misc/copper_ingot_from_smelting_raw_copper": {
    "criteria": {
      "has_raw_copper": "2024-06-20 03:31:10 +0000"
    },
    "done": true
  },
  "minecraft:recipes/building_blocks/granite_slab_from_granite_stonecutting": {
    "criteria": {
      "has_granite": "2024-06-20 03:31:11 +0000"
    },
    "done": true
  },
  "minecraft:recipes/decorations/granite_wall_from_granite_stonecutting": {
    "criteria": {
      "has_granite": "2024-06-20 03:31:11 +0000"
    },
    "done": true
  },
  "minecraft:recipes/building_blocks/polished_granite_from_granite_stonecutting": {
    "criteria": {
      "has_granite": "2024-06-20 03:31:11 +0000"
    },
    "done": true
  },
  "minecraft:recipes/building_blocks/granite_slab": {
    "criteria": {
      "has_granite": "2024-06-20 03:31:11 +0000"
    },
    "done": true
  },
  "minecraft:recipes/building_blocks/granite_stairs": {
    "criteria": {
      "has_granite": "2024-06-20 03:31:11 +0000"
    },
    "done": true
  },
  "handcrafted:recipes/misc/granite_pillar_trim": {
    "criteria": {
      "has_granite_pillar_trim": "2024-06-20 03:31:11 +0000"
    },
    "done": true
  },
  "minecraft:recipes/building_blocks/granite_stairs_from_granite_stonecutting": {
    "criteria": {
      "has_granite": "2024-06-20 03:31:11 +0000"
    },
    "done": true
  },
  "minecraft:recipes/decorations/granite_wall": {
    "criteria": {
      "has_granite": "2024-06-20 03:31:11 +0000"
    },
    "done": true
  },
  "handcrafted:recipes/misc/granite_corner_trim": {
    "criteria": {
      "has_granite_corner_trim": "2024-06-20 03:31:11 +0000"
    },
    "done": true
  },
  "minecraft:recipes/building_blocks/polished_granite_slab_from_granite_stonecutting": {
    "criteria": {
      "has_granite": "2024-06-20 03:31:11 +0000"
    },
    "done": true
  },
  "minecraft:recipes/building_blocks/polished_granite": {
    "criteria": {
      "has_granite": "2024-06-20 03:31:11 +0000"
    },
    "done": true
  },
  "minecraft:recipes/building_blocks/polished_granite_stairs_from_granite_stonecutting": {
    "criteria": {
      "has_granite": "2024-06-20 03:31:11 +0000"
    },
    "done": true
  },
  "croptopia:recipes/shaped_water_bottle": {
    "criteria": {
      "has_water": "2024-06-20 03:37:27 +0000"
    },
    "done": true
  },
  "minecraft:recipes/brewing/cauldron": {
    "criteria": {
      "has_water_bucket": "2024-06-20 03:37:27 +0000"
    },
    "done": true
  },
  "minecraft:story/lava_bucket": {
    "criteria": {
      "lava_bucket": "2024-06-20 03:37:41 +0000"
    },
    "done": true
  },
  "minecraft:recipes/misc/iron_nugget_from_smelting": {
    "criteria": {
      "has_iron_sword": "2024-06-20 03:46:49 +0000"
    },
    "done": true
  },
  "minecraft:recipes/misc/iron_nugget_from_blasting": {
    "criteria": {
      "has_iron_sword": "2024-06-20 03:46:49 +0000"
    },
    "done": true
  },
  "croptopia:recipes/shaped_beef_stew": {
    "criteria": {
      "has_beef": "2024-06-20 03:47:10 +0000"
    },
    "done": true
  },
  "minecraft:recipes/food/cooked_beef_from_smoking": {
    "criteria": {
      "has_beef": "2024-06-20 03:47:10 +0000"
    },
    "done": true
  },
  "croptopia:recipes/hamburger": {
    "criteria": {
      "has_beef": "2024-06-20 03:47:10 +0000"
    },
    "done": true
  },
  "minecraft:recipes/food/cooked_beef_from_campfire_cooking": {
    "criteria": {
      "has_beef": "2024-06-20 03:47:10 +0000"
    },
    "done": true
  },
  "croptopia:recipes/misc/apple_juice": {
    "criteria": {
      "has_apple": "2024-06-20 03:49:54 +0000"
    },
    "done": true
  },
  "croptopia:recipes/misc/apple_pie": {
    "criteria": {
      "has_apple": "2024-06-20 03:49:54 +0000"
    },
    "done": true
  },
  "croptopia:recipes/misc/apple_sapling": {
    "criteria": {
      "has_apple": "2024-06-20 03:49:54 +0000"
    },
    "done": true
  },
  "minecraft:recipes/building_blocks/emerald_block": {
    "criteria": {
      "has_emerald": "2024-06-20 03:51:29 +0000"
    },
    "done": true
  },
  "minecraft:recipes/transportation/carrot_on_a_stick": {
    "criteria": {
      "has_carrot": "2024-06-20 03:54:12 +0000"
    },
    "done": true
  },
  "minecraft:recipes/food/baked_potato_from_campfire_cooking": {
    "criteria": {
      "has_potato": "2024-06-20 03:54:18 +0000"
    },
    "done": true
  },
  "minecraft:recipes/food/baked_potato": {
    "criteria": {
      "has_potato": "2024-06-20 03:54:18 +0000"
    },
    "done": true
  },
  "croptopia:recipes/potato_chips": {
    "criteria": {
      "has_potato": "2024-06-20 03:54:18 +0000"
    },
    "done": true
  },
  "minecraft:recipes/food/baked_potato_from_smoking": {
    "criteria": {
      "has_potato": "2024-06-20 03:54:18 +0000"
    },
    "done": true
  },
  "croptopia:recipes/french_fries": {
    "criteria": {
      "has_potato": "2024-06-20 03:54:18 +0000"
    },
    "done": true
  },
  "minecraft:recipes/food/cooked_porkchop_from_campfire_cooking": {
    "criteria": {
      "has_porkchop": "2024-06-20 03:58:41 +0000"
    },
    "done": true
  },
  "croptopia:recipes/shaped_bacon": {
    "criteria": {
      "has_porkchop": "2024-06-20 03:58:41 +0000"
    },
    "done": true
  },
  "minecraft:recipes/food/cooked_porkchop": {
    "criteria": {
      "has_porkchop": "2024-06-20 03:58:41 +0000"
    },
    "done": true
  },
  "minecraft:recipes/food/cooked_porkchop_from_smoking": {
    "criteria": {
      "has_porkchop": "2024-06-20 03:58:41 +0000"
    },
    "done": true
  },
  "minecraft:recipes/misc/nether_brick": {
    "criteria": {
      "has_netherrack": "2024-06-20 04:01:04 +0000"
    },
    "done": true
  },
  "minecraft:recipes/misc/gold_ingot_from_gold_block": {
    "criteria": {
      "has_gold_block": "2024-06-20 04:02:25 +0000"
    },
    "done": true
  },
  "handcrafted:recipes/misc/golden_thick_pot": {
    "criteria": {
      "has_golden_thick_pot": "2024-06-20 04:02:25 +0000"
    },
    "done": true
  },
  "handcrafted:recipes/misc/golden_thin_pot": {
    "criteria": {
      "has_golden_thin_pot": "2024-06-20 04:02:25 +0000"
    },
    "done": true
  },
  "handcrafted:recipes/misc/golden_medium_pot": {
    "criteria": {
      "has_golden_medium_pot": "2024-06-20 04:02:25 +0000"
    },
    "done": true
  },
  "handcrafted:recipes/misc/golden_wide_pot": {
    "criteria": {
      "has_golden_wide_pot": "2024-06-20 04:02:25 +0000"
    },
    "done": true
  },
  "minecraft:recipes/redstone/lightning_rod": {
    "criteria": {
      "has_copper_ingot": "2024-06-20 04:05:48 +0000"
    },
    "done": true
  },
  "minecraft:recipes/redstone/copper_trapdoor": {
    "criteria": {
      "has_copper_ingot": "2024-06-20 04:05:48 +0000"
    },
    "done": true
  },
  "minecraft:recipes/building_blocks/copper_block": {
    "criteria": {
      "has_copper_ingot": "2024-06-20 04:05:48 +0000"
    },
    "done": true
  },
  "minecraft:recipes/tools/brush": {
    "criteria": {
      "has_copper_ingot": "2024-06-20 04:05:48 +0000"
    },
    "done": true
  },
  "minecraft:recipes/redstone/copper_door": {
    "criteria": {
      "has_copper_ingot": "2024-06-20 04:05:48 +0000"
    },
    "done": true
  },
  "minecraft:recipes/decorations/stone_brick_wall": {
    "criteria": {
      "has_stone_bricks": "2024-06-20 04:17:44 +0000"
    },
    "done": true
  },
  "minecraft:recipes/building_blocks/cracked_stone_bricks": {
    "criteria": {
      "has_stone_bricks": "2024-06-20 04:17:44 +0000"
    },
    "done": true
  },
  "minecraft:recipes/building_blocks/stone_brick_stairs_from_stone_bricks_stonecutting": {
    "criteria": {
      "has_stone_bricks": "2024-06-20 04:17:44 +0000"
    },
    "done": true
  },
  "minecraft:recipes/building_blocks/stone_brick_stairs": {
    "criteria": {
      "has_stone_bricks": "2024-06-20 04:17:44 +0000"
    },
    "done": true
  },
  "minecraft:recipes/building_blocks/chiseled_stone_bricks": {
    "criteria": {
      "has_tag": "2024-06-20 04:17:44 +0000"
    },
    "done": true
  },
  "minecraft:recipes/decorations/stone_brick_wall_from_stone_bricks_stonecutting": {
    "criteria": {
      "has_stone_bricks": "2024-06-20 04:17:44 +0000"
    },
    "done": true
  },
  "minecraft:recipes/building_blocks/stone_brick_slab_from_stone_bricks_stonecutting": {
    "criteria": {
      "has_stone_bricks": "2024-06-20 04:17:44 +0000"
    },
    "done": true
  },
  "minecraft:recipes/building_blocks/stone_brick_slab": {
    "criteria": {
      "has_stone_bricks": "2024-06-20 04:17:44 +0000"
    },
    "done": true
  },
  "minecraft:recipes/building_blocks/chiseled_stone_bricks_from_stone_bricks_stonecutting": {
    "criteria": {
      "has_stone_bricks": "2024-06-20 04:17:44 +0000"
    },
    "done": true
  },
  "minecraft:husbandry/fishy_business": {
    "criteria": {
      "cod": "2024-06-20 04:21:03 +0000"
    },
    "done": true
  },
  "minecraft:recipes/food/cooked_cod_from_smoking": {
    "criteria": {
      "has_cod": "2024-06-20 04:21:03 +0000"
    },
    "done": true
  },
  "minecraft:recipes/food/cooked_cod_from_campfire_cooking": {
    "criteria": {
      "has_cod": "2024-06-20 04:21:03 +0000"
    },
    "done": true
  },
  "minecraft:recipes/food/cooked_cod": {
    "criteria": {
      "has_cod": "2024-06-20 04:21:03 +0000"
    },
    "done": true
  },
  "minecraft:recipes/food/cooked_salmon": {
    "criteria": {
      "has_salmon": "2024-06-20 04:21:20 +0000"
    },
    "done": true
  },
  "croptopia:recipes/misc/steamed_clams": {
    "criteria": {
      "has_clams": "2024-06-20 04:21:20 +0000"
    },
    "done": true
  },
  "croptopia:gather_food": {
    "criteria": {
      "oyster": "2024-06-20 04:22:07 +0000",
      "cooked_tuna": "2024-06-20 05:58:48 +0000",
      "tuna": "2024-06-20 05:58:48 +0000",
      "cooked_shrimp": "2024-06-20 04:22:07 +0000",
      "sea_lettuce": "2024-06-20 04:31:11 +0000",
      "clam": "2024-06-20 04:21:20 +0000",
      "crab": "2024-06-20 04:23:09 +0000"
    },
    "done": false
  },
  "minecraft:recipes/food/cooked_salmon_from_smoking": {
    "criteria": {
      "has_salmon": "2024-06-20 04:21:20 +0000"
    },
    "done": true
  },
  "minecraft:recipes/food/cooked_salmon_from_campfire_cooking": {
    "criteria": {
      "has_salmon": "2024-06-20 04:21:20 +0000"
    },
    "done": true
  },
  "croptopia:recipes/misc/crab_legs": {
    "criteria": {
      "has_crab": "2024-06-20 04:23:09 +0000"
    },
    "done": true
  },
  "croptopia:recipes/misc/steamed_crab": {
    "criteria": {
      "has_crab": "2024-06-20 04:23:09 +0000"
    },
    "done": true
  },
  "minecraft:recipes/misc/conduit": {
    "criteria": {
      "has_nautilus_shell": "2024-06-20 04:25:51 +0000"
    },
    "done": true
  },
  "minecraft:recipes/decorations/fletching_table": {
    "criteria": {
      "has_flint": "2024-06-20 04:34:32 +0000"
    },
    "done": true
  },
  "minecraft:recipes/combat/diamond_leggings": {
    "criteria": {
      "has_diamond": "2024-06-20 04:35:34 +0000"
    },
    "done": true
  },
  "minecraft:recipes/combat/diamond_sword": {
    "criteria": {
      "has_diamond": "2024-06-20 04:35:34 +0000"
    },
    "done": true
  },
  "minecraft:recipes/decorations/jukebox": {
    "criteria": {
      "has_diamond": "2024-06-20 04:35:34 +0000"
    },
    "done": true
  },
  "minecraft:recipes/combat/diamond_chestplate": {
    "criteria": {
      "has_diamond": "2024-06-20 04:35:34 +0000"
    },
    "done": true
  },
  "minecraft:recipes/tools/diamond_pickaxe": {
    "criteria": {
      "has_diamond": "2024-06-20 04:35:34 +0000"
    },
    "done": true
  },
  "minecraft:recipes/tools/diamond_hoe": {
    "criteria": {
      "has_diamond": "2024-06-20 04:35:34 +0000"
    },
    "done": true
  },
  "minecraft:recipes/tools/diamond_shovel": {
    "criteria": {
      "has_diamond": "2024-06-20 04:35:34 +0000"
    },
    "done": true
  },
  "minecraft:recipes/combat/diamond_boots": {
    "criteria": {
      "has_diamond": "2024-06-20 04:35:34 +0000"
    },
    "done": true
  },
  "minecraft:recipes/combat/diamond_helmet": {
    "criteria": {
      "has_diamond": "2024-06-20 04:35:34 +0000"
    },
    "done": true
  },
  "minecraft:recipes/building_blocks/diamond_block": {
    "criteria": {
      "has_diamond": "2024-06-20 04:35:34 +0000"
    },
    "done": true
  },
  "minecraft:story/mine_diamond": {
    "criteria": {
      "diamond": "2024-06-20 04:35:34 +0000"
    },
    "done": true
  },
  "minecraft:recipes/tools/diamond_axe": {
    "criteria": {
      "has_diamond": "2024-06-20 04:35:34 +0000"
    },
    "done": true
  },
  "minecraft:nether/obtain_crying_obsidian": {
    "criteria": {
      "crying_obsidian": "2024-06-20 04:38:11 +0000"
    },
    "done": true
  },
  "minecraft:recipes/decorations/respawn_anchor": {
    "criteria": {
      "has_obsidian": "2024-06-20 04:38:11 +0000"
    },
    "done": true
  },
  "minecraft:recipes/decorations/armor_stand": {
    "criteria": {
      "has_stone_slab": "2024-06-20 04:38:28 +0000"
    },
    "done": true
  },
  "minecraft:story/enter_the_nether": {
    "criteria": {
      "entered_nether": "2024-06-20 04:40:03 +0000"
    },
    "done": true
  },
  "minecraft:nether/root": {
    "criteria": {
      "entered_nether": "2024-06-20 04:40:03 +0000"
    },
    "done": true
  },
  "minecraft:nether/explore_nether": {
    "criteria": {
      "minecraft:nether_wastes": "2024-06-20 04:40:04 +0000"
    },
    "done": false
  },
  "minecraft:recipes/tools/golden_axe": {
    "criteria": {
      "has_gold_ingot": "2024-06-20 04:43:52 +0000"
    },
    "done": true
  },
  "minecraft:recipes/tools/golden_pickaxe": {
    "criteria": {
      "has_gold_ingot": "2024-06-20 04:43:52 +0000"
    },
    "done": true
  },
  "minecraft:recipes/misc/gold_nugget": {
    "criteria": {
      "has_gold_ingot": "2024-06-20 04:43:52 +0000"
    },
    "done": true
  },
  "minecraft:recipes/tools/golden_shovel": {
    "criteria": {
      "has_gold_ingot": "2024-06-20 04:43:52 +0000"
    },
    "done": true
  },
  "minecraft:recipes/food/golden_apple": {
    "criteria": {
      "has_gold_ingot": "2024-06-20 04:43:52 +0000"
    },
    "done": true
  },
  "minecraft:recipes/combat/golden_boots": {
    "criteria": {
      "has_gold_ingot": "2024-06-20 04:43:52 +0000"
    },
    "done": true
  },
  "minecraft:recipes/combat/golden_helmet": {
    "criteria": {
      "has_gold_ingot": "2024-06-20 04:43:52 +0000"
    },
    "done": true
  },
  "minecraft:recipes/combat/golden_chestplate": {
    "criteria": {
      "has_gold_ingot": "2024-06-20 04:43:52 +0000"
    },
    "done": true
  },
  "minecraft:recipes/redstone/light_weighted_pressure_plate": {
    "criteria": {
      "has_gold_ingot": "2024-06-20 04:43:52 +0000"
    },
    "done": true
  },
  "minecraft:recipes/combat/golden_sword": {
    "criteria": {
      "has_gold_ingot": "2024-06-20 04:43:52 +0000"
    },
    "done": true
  },
  "minecraft:recipes/building_blocks/gold_block": {
    "criteria": {
      "has_gold_ingot": "2024-06-20 04:43:52 +0000"
    },
    "done": true
  },
  "minecraft:recipes/tools/golden_hoe": {
    "criteria": {
      "has_gold_ingot": "2024-06-20 04:43:52 +0000"
    },
    "done": true
  },
  "minecraft:recipes/combat/golden_leggings": {
    "criteria": {
      "has_gold_ingot": "2024-06-20 04:43:52 +0000"
    },
    "done": true
  },
  "minecraft:recipes/building_blocks/nether_brick_stairs": {
    "criteria": {
      "has_nether_bricks": "2024-06-20 04:47:20 +0000"
    },
    "done": true
  },
  "minecraft:recipes/building_blocks/nether_brick_slab": {
    "criteria": {
      "has_nether_bricks": "2024-06-20 04:47:20 +0000"
    },
    "done": true
  },
  "minecraft:recipes/building_blocks/nether_brick_stairs_from_nether_bricks_stonecutting": {
    "criteria": {
      "has_nether_bricks": "2024-06-20 04:47:20 +0000"
    },
    "done": true
  },
  "minecraft:recipes/decorations/nether_brick_fence": {
    "criteria": {
      "has_nether_bricks": "2024-06-20 04:47:20 +0000"
    },
    "done": true
  },
  "minecraft:recipes/building_blocks/cracked_nether_bricks": {
    "criteria": {
      "has_nether_bricks": "2024-06-20 04:47:20 +0000"
    },
    "done": true
  },
  "minecraft:recipes/building_blocks/chiseled_nether_bricks_from_nether_bricks_stonecutting": {
    "criteria": {
      "has_nether_bricks": "2024-06-20 04:47:20 +0000"
    },
    "done": true
  },
  "minecraft:recipes/decorations/nether_brick_wall_from_nether_bricks_stonecutting": {
    "criteria": {
      "has_nether_bricks": "2024-06-20 04:47:20 +0000"
    },
    "done": true
  },
  "minecraft:recipes/building_blocks/nether_brick_slab_from_nether_bricks_stonecutting": {
    "criteria": {
      "has_nether_bricks": "2024-06-20 04:47:20 +0000"
    },
    "done": true
  },
  "minecraft:recipes/decorations/nether_brick_wall": {
    "criteria": {
      "has_nether_bricks": "2024-06-20 04:47:20 +0000"
    },
    "done": true
  },
  "minecraft:nether/find_fortress": {
    "criteria": {
      "fortress": "2024-06-20 04:47:22 +0000"
    },
    "done": true
  },
  "minecraft:recipes/building_blocks/diorite": {
    "criteria": {
      "has_quartz": "2024-06-20 04:49:02 +0000"
    },
    "done": true
  },
  "minecraft:recipes/building_blocks/granite": {
    "criteria": {
      "has_quartz": "2024-06-20 04:49:02 +0000"
    },
    "done": true
  },
  "minecraft:recipes/building_blocks/quartz_block": {
    "criteria": {
      "has_quartz": "2024-06-20 04:49:02 +0000"
    },
    "done": true
  },
  "minecraft:recipes/redstone/daylight_detector": {
    "criteria": {
      "has_quartz": "2024-06-20 04:49:02 +0000"
    },
    "done": true
  },
  "minecraft:recipes/redstone/observer": {
    "criteria": {
      "has_quartz": "2024-06-20 04:49:02 +0000"
    },
    "done": true
  },
  "minecraft:recipes/redstone/comparator": {
    "criteria": {
      "has_quartz": "2024-06-20 04:49:02 +0000"
    },
    "done": true
  },
  "minecraft:recipes/building_blocks/glowstone": {
    "criteria": {
      "has_glowstone_dust": "2024-06-20 04:50:42 +0000"
    },
    "done": true
  },
  "minecraft:recipes/combat/spectral_arrow": {
    "criteria": {
      "has_glowstone_dust": "2024-06-20 04:50:42 +0000"
    },
    "done": true
  },
  "croptopia:recipes/shaped_netherwart_stew": {
    "criteria": {
      "has_nether_wart": "2024-06-20 04:52:46 +0000"
    },
    "done": true
  },
  "minecraft:recipes/building_blocks/nether_wart_block": {
    "criteria": {
      "has_nether_wart": "2024-06-20 04:52:46 +0000"
    },
    "done": true
  },
  "minecraft:recipes/building_blocks/red_nether_bricks": {
    "criteria": {
      "has_nether_wart": "2024-06-20 04:52:46 +0000"
    },
    "done": true
  },
  "minecraft:recipes/misc/bone_meal": {
    "criteria": {
      "has_bone": "2024-06-20 04:59:57 +0000"
    },
    "done": true
  },
  "minecraft:recipes/redstone/redstone_lamp": {
    "criteria": {
      "has_glowstone": "2024-06-20 05:06:52 +0000"
    },
    "done": true
  },
  "minecraft:story/deflect_arrow": {
    "criteria": {
      "deflected_projectile": "2024-06-20 05:24:55 +0000"
    },
    "done": true
  },
  "minecraft:recipes/food/cooked_mutton_from_smoking": {
    "criteria": {
      "has_mutton": "2024-06-20 05:33:56 +0000"
    },
    "done": true
  },
  "minecraft:recipes/decorations/painting": {
    "criteria": {
      "has_wool": "2024-06-20 05:33:56 +0000"
    },
    "done": true
  },
  "handcrafted:recipes/misc/white_sheet": {
    "criteria": {
      "has_white_sheet": "2024-06-20 05:33:56 +0000"
    },
    "done": true
  },
  "handcrafted:recipes/misc/white_cushion": {
    "criteria": {
      "has_white_cushion": "2024-06-20 05:33:56 +0000"
    },
    "done": true
  },
  "minecraft:recipes/decorations/white_carpet": {
    "criteria": {
      "has_white_wool": "2024-06-20 05:33:56 +0000"
    },
    "done": true
  },
  "minecraft:recipes/food/cooked_mutton": {
    "criteria": {
      "has_mutton": "2024-06-20 05:33:56 +0000"
    },
    "done": true
  },
  "minecraft:recipes/decorations/white_banner": {
    "criteria": {
      "has_white_wool": "2024-06-20 05:33:56 +0000"
    },
    "done": true
  },
  "minecraft:recipes/food/cooked_mutton_from_campfire_cooking": {
    "criteria": {
      "has_mutton": "2024-06-20 05:33:56 +0000"
    },
    "done": true
  },
  "minecraft:recipes/decorations/white_bed": {
    "criteria": {
      "has_white_wool": "2024-06-20 05:33:56 +0000"
    },
    "done": true
  },
  "minecraft:recipes/misc/coast_armor_trim_smithing_template_smithing_trim": {
    "criteria": {
      "has_smithing_trim_template": "2024-06-20 05:35:59 +0000"
    },
    "done": true
  },
  "minecraft:recipes/misc/coast_armor_trim_smithing_template": {
    "criteria": {
      "has_coast_armor_trim_smithing_template": "2024-06-20 05:35:59 +0000"
    },
    "done": true
  },
  "minecraft:recipes/building_blocks/glass": {
    "criteria": {
      "has_smelts_to_glass": "2024-06-20 05:41:27 +0000"
    },
    "done": true
  },
  "minecraft:recipes/building_blocks/sandstone": {
    "criteria": {
      "has_sand": "2024-06-20 05:41:27 +0000"
    },
    "done": true
  },
  "croptopia:recipes/food/cooked_tuna_from_smoking_tuna": {
    "criteria": {
      "has_tuna": "2024-06-20 05:58:48 +0000"
    },
    "done": true
  },
  "croptopia:recipes/misc/tuna_roll": {
    "criteria": {
      "has_tuna": "2024-06-20 05:58:48 +0000"
    },
    "done": true
  },
  "croptopia:recipes/food/cooked_tuna_from_tuna": {
    "criteria": {
      "has_tuna": "2024-06-20 05:58:48 +0000"
    },
    "done": true
  },
  "minecraft:adventure/sleep_in_bed": {
    "criteria": {
      "slept_in_bed": "2024-06-20 06:12:15 +0000"
    },
    "done": true
  },
  "DataVersion": 3953
}